1.0636230547786063e-09,0.3245046545725707,0.003981359104034522,0.5905015030091152,0.004594525349991493,172.31205218185744,0.569318690982302,0
1.3111054806748116e-09,1.271935899609584,-0.08772293760512208,0.5916025455466362,0.004467970433298698,161.87312495652387,0.5796856361186061,0
2.0291571164831792e-09,1.1545778158319118,0.061646042955821156,0.5899423829929601,0.0035813108853671384,248.46034406041213,0.4805932147042473,0
3.7020443328586496e-09,0.7196340852946858,-0.171098141437669,0.5709056830131637,0.005987666898181576,238.25396020565003,0.5340029613249592,0
9.250356882658273e-10,2.31747602410487,-0.2879677781140845,0.5742667822100289,0.004693098077504129,240.56278937919126,0.5360987454419979,0
8.16579055309939e-10,2.1149557880474963,-0.5867499312803951,0.5780359061161974,0.004943562080982188,213.35966485498145,0.53338994422015,0
7.28608433528144e-10,1.2103172370037873,0.006536699273288611,0.5771808158791315,0.004978437865876385,202.79474007804583,0.5350836310922955,0
7.928436758693345e-10,0.6452495385022748,-0.14888182893155757,0.5786524207510667,0.004927946258653176,198.86791944817261,0.5792819927372251,0
5.684554082663823e-10,1.5617384458985966,0.0680121275374309,0.5805774787740218,0.005531129475129765,182.69884642206193,0.5587097495143509,0
4.759504606016839e-10,0.4645886271592376,-0.06234546639746677,0.5774768779309594,0.005688368451231623,187.56952844097646,0.537985157744546,0
7.209431816607676e-10,2.282725154989568,0.0025963167034404274,0.5813069418982891,0.004877804796105705,182.7367095698255,0.612965625165302,0
5.204687688024933e-10,0.8333269722145378,0.25765833689674383,0.5850717496008562,0.0057292178636840245,157.30740339999352,0.6155729656650334,0
8.595340319303995e-10,1.2330869266073392,-0.2120928829901366,0.5885769406878443,0.004903964594774203,174.31612812398097,0.5263635228529148,0
2.051516620852718e-09,1.36511493137673,-0.09387635477231349,0.5910279114263242,0.003710066999766972,200.27820839426658,0.5252806817124043,0
1.2746499372308105e-09,1.6230230428870065,0.13064861076506729,0.5849397532163579,0.0042729429106335565,187.7816835578291,0.5600718249316682,0
1.933761178717003e-09,2.124765066216394,0.2580745017908906,0.5928499056967261,0.0036578093385852273,209.3704812750294,0.5311398962531981,0
9.836768156297804e-10,1.946443313246882,-0.10594944546472879,0.5861855048820838,0.004432273947703544,186.95934754147322,0.5315049064153682,0
1.2875063838444001e-09,1.6307603777898139,0.06544322453208633,0.5876051183654453,0.00437366392721923,193.78381367889332,0.47737422389372686,0
9.234287783879989e-10,1.3165065999718604,-0.2774891488158763,0.5872848483948444,0.0049267822885429476,162.93795458131993,0.6123418794301619,0
1.3969856736144e-09,0.895242482190406,-0.03078419448338593,0.5883974509143918,0.004122719830396058,191.04588189660026,0.5695259010005229,0
1.134237083913986e-09,1.480408128326552,-0.20227259143775045,0.5843594225518464,0.00429826734676593,189.87123082437347,0.5242380152755046,0
9.280465421341403e-10,1.892583787270053,-0.042177448821071994,0.5861124312063885,0.004971892866501465,163.5048507770771,0.5747745250250028,0
8.089377068584856e-10,1.229684759839109,0.03662249028574683,0.5843120082680604,0.004792562064256298,179.0922537201449,0.5108966465170856,0
9.711647471545697e-10,0.6396153954054106,-0.07430899619020791,0.586037189225771,0.004984293782971629,163.75286843806958,0.6217021893083253,0
7.790998400704875e-10,1.4660275600947956,-0.2250778337728909,0.5842793359601444,0.004895232053896476,189.13714021160123,0.4813152638078562,0
1.1009026284720828e-09,0.7648190423528574,0.03951946391674591,0.5884175918524323,0.004381025047947263,186.53862666639466,0.48978857046940855,0
1.1907270018719078e-09,0.45933158264728724,-0.11305672662169132,0.5895201198124056,0.004651185297173996,166.36884319808755,0.6033423235570047,0
2.653852159093833e-09,3.195263796477809,-0.04340358884050832,0.5958058460532365,0.0033439159400804118,210.2621681302062,0.4660353897899744,0
1.666321460853636e-09,0.59190268535129,0.03097168275430058,0.594737960434697,0.004237880940672774,168.973092031152,0.5794555407571694,0
1.8918505441137956e-09,1.9116587575856998,0.3855384548217602,0.5903255926494962,0.003472988293320465,220.45301211491415,0.48957774622560046,0
1.7267567349536894e-09,2.2807068468010807,-0.12771246705658043,0.5913480611546303,0.003704587512837535,193.29206397204828,0.4799922996439785,0
1.1208020498320506e-09,0.5469052429240494,-0.007603448366204908,0.5905322550429023,0.00460716493392185,167.41781007355053,0.5754700857179122,0
1.4651544841535393e-09,0.6669349717318213,-0.029672357231247965,0.5942575433816575,0.00425490694553511,174.1433579094087,0.5577498447610258,0
1.8379122514856271e-09,1.0277329371588608,0.16291986654413734,0.5973615663775124,0.00380102628874477,187.9621064565625,0.5198398207294722,0
3.120404975631225e-09,2.5190350989812362,0.3096177061065691,0.5965032948449357,0.0030887647908212127,228.09374176303723,0.4552856568135263,0
1.5922645044482734e-09,1.4162671534055402,-0.05174753052618993,0.5881033661837101,0.003836458123066758,200.9251955298183,0.468045678786684,0
7.886315240846771e-10,1.1989487596215922,-0.10069007240715099,0.581669459726403,0.0046777815659100235,189.1645184130955,0.5298723499798235,0
1.4313695538654035e-09,0.487411458422014,-0.16956041524911336,0.5859964377026322,0.0041788244757681794,182.53678928361765,0.6001084899888116,0
1.5638155711929553e-09,0.14468545123817825,0.07512142640938142,0.5957568083781325,0.00399905878724814,181.3466305252374,0.4874005786297859,0
1.6377825058380529e-09,0.8180535728131475,0.08572920924295117,0.5914499787196664,0.00369864291871096,206.87107033233292,0.4933564867211672,0
1.4073165191173731e-09,0.32948983591801917,-0.07671582183128932,0.5951235126514506,0.0041194439960319604,172.51794173297313,0.5673624685703466,0
1.7804766195092562e-09,1.4522108119136472,-0.05402830682873148,0.5963181614282135,0.0036356223582121295,207.13008590715606,0.5320097634269272,0
2.1948333576100213e-09,0.47041747591296407,0.11179687285371805,0.5962083105301836,0.003513166356597618,204.1746336894304,0.4703924083931301,0
2.6936101151535627e-09,8.110015217170906,-1.3220465788013132,0.5957370603074416,0.003287150704451659,212.81869733158672,0.45210757852581474,0
2.7353833874804787e-09,2.8298707195629818,0.658909172507509,0.5946592476047718,0.0030515370063152647,229.90505642305348,0.4076818603977019,0
1.7837367711124007e-09,0.9266266709929557,0.019671193143061597,0.5915952104099378,0.003297874732446439,246.91702913326887,0.4232898490350968,0
1.636108998336713e-09,-0.02200929134744441,-0.05564639107479149,0.5919939800633108,0.003508181733229846,218.80102959198976,0.414528607054066,0
1.833197544068261e-09,0.738027405596724,0.0931471808768613,0.5957803232405997,0.0034984514785662544,208.40326687891897,0.46472864243522155,0
1.7679579486062897e-09,0.7693666071183219,-0.12531531820857075,0.5935278938359875,0.0032425608935710026,243.03877279085896,0.405075093762136,0
1.472427655891185e-09,0.4320031403327634,-0.10500247459610164,0.5934472598823056,0.0038317205959358023,192.82677660759836,0.48125305219735676,0
7.40807404574803e-10,1.0771980512936519,-0.0028408458484376156,0.5782434015520667,0.004302836542585928,246.1189804843391,0.41080673272324625,0
6.590134716350471e-10,0.7544373057999397,0.2688958271526233,0.5796040082853225,0.004840717322558961,206.10290947895123,0.45183887709886617,0
1.187906792624502e-09,1.754262693755089,-0.10831871452521692,0.5811325326462616,0.0038452523082088664,254.42287780396998,0.3908953395992741,0
8.649019817136791e-10,1.5643874081996525,-0.0733713682102599,0.5821593574961201,0.004235248048919536,223.15192668993234,0.4686900114471677,0
2.2977777857910604e-09,6.891958614291937,-0.12043782765873483,0.5870710446566315,0.0031760569488337013,242.85030288992132,0.4284765541486603,0
1.5501146995453962e-09,6.413345815150037,-0.04713877129696161,0.5851392518488618,0.003678430150654926,221.2518375526689,0.49905753657938223,0
1.1328022875129573e-09,0.7299184142052958,-0.009625562659146695,0.5862900259525599,0.0041603305756237365,195.64879155036112,0.5269795091844787,0
1.4131200408899663e-09,1.028339743743656,0.024729121269100946,0.5902528304082683,0.003952184387377049,192.12466394406079,0.5150126064129256,0
9.310481870281154e-10,2.630935869952031,0.2355926074156979,0.5831917585280445,0.004001708401199402,225.87241265382,0.4724196882287795,0
1.157843586605057e-09,3.3857634783486894,-0.19449739706011027,0.5849738363275082,0.0040681235063597075,198.8984523005886,0.5247446532287189,0
1.1519144249575608e-09,2.2382178763342604,0.11145567773162224,0.583752900602638,0.003980011946863413,208.5365458027354,0.4717531037949436,0
1.2613189017034716e-09,5.109809846171938,0.08274220062261149,0.5846123031953054,0.003706721910925657,227.57956670916687,0.45798317718111337,0
6.976648808801683e-10,1.2741445668834543,-0.08234159387172965,0.5818377714329462,0.0049875779238829675,173.2677093655442,0.5637989108244377,0
1.0303129166171267e-09,0.9837034435649524,0.1840033131925426,0.589892215198441,0.004767645548638328,167.24421520527034,0.5844975244929226,0
1.3755184646695423e-09,1.3551457046420847,-0.09490848758336684,0.58790310811867,0.004309898754820916,174.33018627641113,0.5485088790647741,0
1.54177371596947e-09,4.193234906814786,0.28922087416220615,0.5848401450133472,0.003460421142210858,238.22493675699488,0.42576490537433176,0
8.236928308853678e-10,2.124626568718701,-0.02696925161808818,0.5819070467918128,0.004598853524902964,193.07967643817815,0.566969454276709,0
1.3136282492401062e-09,1.0753362300276368,-0.002983433023980441,0.5913413046706608,0.0039669709861049575,187.79135065017508,0.515734732217131,0
9.507513477734294e-10,0.5493246268931404,-0.1596214570556576,0.5887863453226432,0.004595813424140291,177.58007545968908,0.5836672124202628,0
1.3431456911673852e-09,0.9140949765070413,-0.042657786271080134,0.5867128103549154,0.004108747568951258,191.2047797153646,0.5053625007822063,0
1.5381119616181907e-09,1.8319080334096076,0.051621037259419196,0.5861964936237615,0.0036628359758577463,216.51299707394182,0.4491828241976527,0
2.013290976075897e-09,3.4111261476812245,0.15414304593803993,0.5915582821358779,0.003446537005106493,221.96648737650472,0.4142128723732075,0
1.1700013654577918e-09,1.7701789366249425,0.21924577655846877,0.5858867018302624,0.003949787683638693,223.85086252383124,0.42532242785264873,0
9.881122042879898e-10,1.9137308879711377,-0.12913528700263524,0.5822507064617584,0.004132417468093324,218.49266128256292,0.4764600116839828,0
6.599798144655542e-10,0.9180647652909548,0.00930456374540603,0.5819329247575734,0.005044473669182681,179.394814863197,0.5514128613590624,0
9.517125678077794e-10,0.8741237690552316,0.042871155761607015,0.5859106314935386,0.0041878387612523564,200.33940348281808,0.5056448184528854,0
1.6378915444236733e-09,3.170509209973842,0.15965906244499947,0.586183900466758,0.0032720533850585237,261.8348170450774,0.4407656608958781,0
1.1785858950109502e-09,1.8566858562756792,0.16543145360750824,0.581507550093881,0.004177006436962649,210.96940282609498,0.5011720161525012,0
8.873815390435894e-10,2.0832630371493672,0.10684472577957875,0.5786288409636432,0.0042013629477798175,238.52594764981473,0.3737166125323981,0
8.974749496746957e-10,1.3719059779562095,-0.016000691058679756,0.5832893072088366,0.004765141596428202,184.16064744428047,0.5426357124540031,0
8.708883863696416e-10,0.913701479512135,-0.0586021485720997,0.5879046293164301,0.004589121451754862,182.72079620989993,0.5813939535226232,0
1.2323497334440838e-09,1.876151783710891,0.1299552832311494,0.5882391358780455,0.004526333083206782,178.083608778929,0.5641255925649247,0
1.0090538124832888e-09,0.7850005820358631,0.010805437687337624,0.5846125915904191,0.004397873022112699,191.1023138094854,0.5445175880003942,0
5.136184989612857e-10,0.87220640871297,-0.0712549772966454,0.5805325330578711,0.005566524537237023,165.5997759773514,0.5767508468925393,0
1.3594425401358511e-09,2.997446137595451,0.1443811442775567,0.5863979800579354,0.004104582444349411,191.55686125190766,0.5634132920823763,0
2.4266947315134405e-09,2.099997083370931,-0.17274854084300603,0.5891979907001351,0.0032461860985882897,225.6942967362145,0.4965714044083892,0
6.71262469908247e-10,0.9965226019905095,-0.0470271851723319,0.5805280727329919,0.004846164262767415,191.60488542805174,0.5492349783565116,0
9.845405097290322e-10,1.580364497217677,0.19719865197817787,0.5839762063360615,0.0043903606837571605,194.42302201192413,0.457962784723608,0
9.646668038747853e-10,2.8871278120359336,-0.2515202505318237,0.5875969470952679,0.004679363170865517,168.7603667633101,0.555458044400796,0
9.496170025615818e-10,1.597375490980881,-0.05000686774410512,0.5853238448013908,0.004605083036033831,187.67616274352034,0.513875731691531,0
1.2025265374344097e-09,2.2977890383306026,0.3931506953418646,0.5885985209060363,0.004055574512678046,199.58786391801195,0.4738763909218999,0
1.1139745288839852e-09,1.5971272170754567,-0.1741167810424291,0.5896483656012704,0.004148449105588193,188.114509733443,0.517924964484768,0
9.825512702720628e-10,1.7451835654622487,-0.2509301058364634,0.5869863114999178,0.004179763078943913,195.21221626113334,0.5476677508819849,0
1.925992972375003e-09,1.2974238658045218,-0.033614092217952356,0.593549090891934,0.003509315200716083,213.03631983728326,0.47099689280446505,0
1.2645731011081365e-09,0.6773525849645301,0.01944810221075986,0.5873391299015455,0.0038273366826627134,215.60904133457188,0.523219295137062,0
6.710302514994791e-10,0.9914436407568127,0.008941264975722266,0.5804211478167828,0.005003027349312888,180.24828963890135,0.5238331346224836,0
6.814247644808162e-10,0.6053550913699998,0.0699445170149195,0.5816191022940038,0.005071142624009938,171.7368323086938,0.5469013744773192,0
8.19296553466883e-10,1.0942082058152736,0.05607362056207812,0.583499606898944,0.004997424518468393,173.3228538441065,0.6009048716523382,0
1.4734559184300842e-09,1.9018832575581597,-0.22634713836109102,0.5855713728780972,0.00356786453703644,221.72065040458313,0.48700557570928665,0
1.3953073876203397e-09,4.23010738859588,-0.19372428564470864,0.5848871754302789,0.0035836651325098644,226.65325448644612,0.4589858447747846,0
5.501279733862143e-09,1.014603698553316,0.04099324064237136,0.605223581647166,0.0021597718316821667,288.7195338876387,0.3238515085513581,0
3.4842897916974146e-09,0.4413507844429508,-0.0874256610961126,0.5991619879762745,0.0022890826275520047,320.33428851906984,0.28979831569436476,0
3.1095978758175438e-09,0.042642734844374974,0.047335090148479676,0.5962061638927243,0.002062738040494902,364.45161343310036,0.26523712853282805,0
4.205177872599331e-09,0.030787932953028358,0.0648666235260927,0.5994218121965941,0.002012408308029392,350.3009552414205,0.2656312732203213,0
2.723671110472687e-09,0.39890466504224986,-0.18322432970324118,0.5969218735699903,0.0022716375302580115,320.37792045763393,0.29863189187358613,0
2.77939267173855e-09,0.2279678755010274,0.14018639814146097,0.5948719706205275,0.0023403280300160986,325.34905066129755,0.32670714585662486,0
3.567841517798905e-09,-0.016512112167453186,-0.02662857235330912,0.5998586589672444,0.0021566225110346312,336.3042569807976,0.26941479457409717,0
4.099812165324932e-09,0.5003561527471903,0.09740271826385827,0.6006871296009159,0.002100313401991119,315.1821565607058,0.34012944868694767,0
3.607166038182748e-09,0.7042870300726266,-0.1820839553159085,0.5985119865949137,0.0022851844440841215,323.9052168878334,0.2857111861332299,0
2.824823652483588e-09,0.7574926896710462,-0.15066522652366438,0.5982833945847131,0.0022685486247113786,322.98689516730775,0.30413630815441245,0
4.183049368855855e-09,0.5834099566144418,0.06870035592245378,0.6046604266483345,0.0020740877457257625,321.22346407355394,0.301892059282926,0
3.250023255224914e-09,0.05372110641609732,-0.06745069455980462,0.5967396716766414,0.002066195687386885,368.57557038565227,0.29423896170887304,0
4.928769350320165e-09,0.2160035747913014,0.02886491417348248,0.5976673067831575,0.0019062479608948774,359.0416685458704,0.2541207398377436,0
2.8875651991497327e-09,0.39265251709716625,0.018753858617750575,0.5989798187450333,0.0021818746113816483,331.9993642441849,0.27928376550667783,0
3.5868254545140676e-09,0.46787084157408937,-0.006279878894538645,0.5951146709939998,0.00209293283168934,355.59861861072426,0.24538931346480136,0
4.641495785158886e-09,0.9410720484995317,0.20865510186026617,0.6038292540876049,0.00217194622014133,295.843775579097,0.28206181165068966,0
3.3440140436920687e-09,0.3406214448320763,0.07525917482263812,0.6006158206842797,0.0022629139851238892,302.58745364432565,0.2901028893281234,0
3.1257177311673167e-09,0.1098052291105643,-0.09355974361715447,0.594529650826319,0.002061100861819255,376.48871669748365,0.25466693946362695,0
3.899254352821836e-09,0.20730469581819566,0.1448341587154561,0.5986909443609572,0.0020193809356314294,345.10349103794533,0.2623176371750956,0
5.200604106136067e-09,1.3914584570020605,-0.023869794601328858,0.6005743508110543,0.001996856699401685,342.8267882348293,0.28663374071794984,0
3.3396360812297832e-09,0.3033697118324267,0.051103860740159525,0.5981331511458873,0.002140076688035075,342.3415566115812,0.2921123588906334,0
3.5801616675212577e-09,0.5487335729880785,-0.10195426410985901,0.5984815874812025,0.0020472658384480653,366.10560591346933,0.2744965231810649,0
4.039942545237334e-09,0.2543778523941367,-0.1642483882275499,0.5983649163639232,0.002060039852258512,352.124893973657,0.26919718905334294,0
4.356834032838102e-09,0.15243807374614846,-0.13821348088725893,0.600804013229906,0.0022447043435942404,295.929891423569,0.2847652634681255,0
3.967937152485827e-09,1.0234940650013034,0.19160886923875278,0.6038055679656614,0.0022102406598319296,295.7311548951121,0.33185139021400933,0
3.689465054667543e-09,0.33417520650736393,-0.01028154419803097,0.5997527443507049,0.0020557360874619572,355.49828402904086,0.2798236688670291,0
3.579699283960832e-09,-0.029135413252380376,-0.10605528303599827,0.5966185690738993,0.002114951957210558,366.8729014544681,0.23128410845801475,0
3.868528229693741e-09,0.07817451285053245,-0.024575748396542363,0.597909341053856,0.001835874095960711,397.16112576961115,0.21374249971898354,0
5.046320925691118e-09,0.7445029896436782,-0.14179635111082783,0.6013746580732864,0.0019625611730808706,349.8820442730894,0.25470087223424437,0
3.955631101577939e-09,0.6335921585041914,0.07648509623265624,0.6017770617744821,0.0020495399362926874,331.19643684882266,0.28194252811722764,0
3.4111969570018513e-09,-0.03567034280521231,-0.25915496115839043,0.596841123932581,0.0021120657240827185,344.3361253710325,0.29502442988287614,0
4.392194057970318e-09,1.4374337264654589,-0.13760744997696778,0.6006601899174929,0.002016699154031093,350.21598463131266,0.23166096622912416,0
3.729590688151998e-09,-0.17014907055194195,-0.03936005326960303,0.6001560765316856,0.0021071870152132477,341.56307329699956,0.28338031138091574,0
4.651000007625048e-09,0.9232676109584234,-0.12570592682677073,0.5984536016873537,0.0019696468458330996,364.89903694442086,0.257360827410044,0
3.984717905510653e-09,0.7343590859293093,0.11230541534571707,0.6004336372860156,0.0023694614776708024,288.07161466886674,0.30941902394230925,0
3.329685872615671e-09,0.3860162099993052,0.030562589747873747,0.5981077744758715,0.002108643150546982,332.89773939476044,0.2889029609211217,0
3.4456755722814216e-09,0.04956241642867402,-0.11746086764204511,0.5997401073154284,0.0020451038764460177,341.8881148418639,0.2454296496799717,0
3.6674205000691365e-09,0.09402228151158572,0.1387792612076118,0.5994154319944205,0.002030044354160023,359.62493998593294,0.26143867168628976,0
4.1007440113923145e-09,0.3625731700611319,0.0955920647643414,0.6000562352153381,0.0020375132898102035,339.18872497125585,0.28809472315535606,0
4.842873201622863e-09,1.3035050767937761,0.1564274181181237,0.6005162591105115,0.0019783972550726967,353.0827955038448,0.2661970361589522,0
4.786712883400814e-09,0.6569062744880252,-0.22978265053139524,0.6033732655938971,0.0021526496889782906,320.96213696040587,0.3205696213196363,0
3.776754967647447e-09,0.3933769190690051,0.04442057572350696,0.5979546098494296,0.002026008978920125,360.2629453859144,0.2603721706383129,0
3.774339630654427e-09,0.6243282952094915,-0.08047779950841634,0.5999154601977422,0.0020544350074807468,327.60241525139105,0.2754939674868354,0
2.8478029907759007e-09,0.42329863118460836,-0.17092483765792044,0.5945678820839196,0.002159446605305757,364.36108602421814,0.2511455858672895,0
3.354830172666445e-09,-0.08186144836183207,-0.02989995664375272,0.5985026781821357,0.00211416924835332,335.4696266608499,0.2705772988153398,0
3.2545781051492522e-09,0.07077557845812928,-0.016366360376086853,0.5999123612793066,0.0021990209438882513,328.53658932229166,0.30377253118065234,0
4.654254417172717e-09,0.4421636663578015,0.02256287018158234,0.6041546179656283,0.002166943999397261,293.27893995129205,0.29625708400097206,0
3.1940210474674455e-09,0.6680781673240025,0.00015430838317088505,0.596003774841525,0.002195420718165438,343.9538058825154,0.25424337797091406,0
3.60546544994308e-09,0.06218249587501212,0.0014021515617123708,0.5978353334964125,0.001993225565011006,360.2279315966375,0.2637413922292263,0
4.595269330395661e-09,0.27082040739676566,0.038937624320591134,0.602853340470709,0.002035610949700238,320.336361726004,0.27096625562956195,0
8.10980226703326e-10,1.982210451309994,0.13958648378032576,0.5837774360138671,0.0036127008733105996,258.49622362173653,0.4642396016080883,0
6.692615856125854e-10,3.7290131185176034,-0.019023990723423773,0.5841053527447869,0.0037739281923539216,229.5432805916909,0.4874268060828434,0
1.3686400299241877e-09,2.5432931134007837,-0.12673021056796063,0.5906709187341511,0.003171220426868137,259.7235808575601,0.4305615383514268,0
9.05575818683771e-10,3.062430776953571,0.2013544984074036,0.5849429868374577,0.003858017669540477,212.2605175548778,0.581612671843083,0
8.018887462958728e-10,1.5205345943228654,-0.1908315527164023,0.5904518897889838,0.0042507364368376144,178.97143688017286,0.6483709813084683,0
2.21400874231299e-09,3.47854913853643,0.45303336733767763,0.5894157220505588,0.0025753657186335884,287.00158776968857,0.40415781014808544,0
8.193256353060804e-10,3.001767253254387,-0.05432595460444941,0.5834743500995146,0.0034427885897592215,249.7412790621141,0.45343619564833343,0
1.5897625639673035e-09,1.5269413490170656,-0.06755605835195307,0.5923304297685119,0.003089830935727093,235.25880436636237,0.48738513722757026,0
1.1872878955185794e-09,2.701765747262272,0.08256778118429886,0.591805732230612,0.0033174039822447565,211.7882323016661,0.5079780264850933,0
4.832488791338001e-10,0.7069770499260158,-0.007499880151189443,0.5871375754157665,0.004209063252929239,204.11654057659317,0.5254708291002737,0
5.164548254939153e-10,1.4882825648851388,0.06392890671290788,0.5883133985772607,0.004219809432421801,206.68991152497594,0.5375127837626337,0
7.953797022112144e-10,0.8676994028011341,-0.05895360373351475,0.5908954105452319,0.003842265565336388,209.58733821663466,0.5845918498994969,0
8.763507297316364e-10,3.666727062232253,-0.4061669423909627,0.5880554675687731,0.0035454179639334213,216.52673658989124,0.5316158893363484,0
9.361054350099504e-10,3.717694451126988,-0.02089340201932255,0.5881738529040669,0.0035719281042400543,239.18585455677683,0.504749009104218,0
7.241248927562933e-10,3.2566727798070665,-0.008863792492149821,0.5887386857125961,0.003931339661946135,203.99738994004255,0.6333953221330771,0
2.691054105721438e-09,6.226323379189672,0.6135926933146569,0.5960212533896433,0.0025798877166719613,263.7275011956023,0.38910487297043966,0
5.091087582370684e-10,0.8344067865619736,-0.12408319438763844,0.5840271628786353,0.004233536778620752,205.87310537235194,0.4512325176863252,0
7.113615676238432e-10,1.1792632466153488,-0.007155885321050687,0.5870647432598621,0.003754097945829147,218.56294388920682,0.5113491784676523,0
5.763026444885604e-10,4.598529655709883,-0.10489536916533349,0.5869978567554767,0.003990957441500057,212.28873490265104,0.5580213470311495,0
6.265578166922212e-10,1.1645306550011012,-0.1736147429756858,0.5864055644747003,0.003845401051526455,222.85039244198632,0.4730614834454038,0
5.676730958692197e-10,2.3778751885327463,-0.3262544783762317,0.5901006107499748,0.00449445256085065,179.8088090532867,0.6110491761728629,0
8.112354935794625e-10,0.9268877001231658,-0.3288689445394127,0.5910809707681791,0.004088346907129428,180.42438163734224,0.6104978359041802,0
8.205117066038923e-10,2.2105139744988795,0.04491633617236516,0.5896886038414368,0.003866043277500266,189.80270453503275,0.583507884730956,0
7.7711115294792e-10,1.4207931777036602,-0.22659298963162175,0.5916768111302191,0.003853396767119465,204.12056168273975,0.5442213125653835,0
6.08752707477496e-10,1.1330535290484354,-0.23244636700699461,0.5901201312293654,0.004119762194389959,200.01056344735483,0.5695840640820746,0
9.085467436310199e-10,3.6681704547074827,-0.1112657022833921,0.5936341561047663,0.0035488263818288846,207.77021794577743,0.5490682334369987,0
9.08792106298697e-10,3.091939516516428,-0.16918014454310645,0.590956381242099,0.003990575120649409,182.10597319151898,0.6184459040449997,0
1.3415261693434772e-09,4.871995606596175,-0.25487717113517533,0.5913165841243138,0.0035327621649623615,186.7094634299111,0.6120606340934619,0
5.953564296630061e-10,0.07328278961932784,-0.09676558489016046,0.588083185636438,0.00408968587691778,199.664271311363,0.5654519193918106,0
6.731478769581913e-10,0.9092771243885643,-0.020501839458996793,0.5854517380903667,0.0037227653552434534,230.45260285049292,0.5083896385388615,0
7.753061543662398e-10,1.2242953891172756,-0.04108594585311178,0.5947335953912128,0.003953362820574359,189.68922939816966,0.6099426448490739,0
5.83496005485436e-10,0.9068292388667638,-0.04697154701216195,0.587733831753786,0.004054119177181692,199.66699225347952,0.5522316377328388,0
1.0614601916742406e-09,1.597003270997571,-0.14990469617118632,0.5911399969625969,0.003615022238785203,206.74246230201092,0.5352510399308935,0
9.052402150784733e-10,4.104069782553875,0.2484964924114819,0.5888800408319829,0.0036068778546227893,221.48736881441934,0.535143549312319,0
7.255047831516183e-10,0.8737415862299717,-0.05506097099093458,0.5896236529418296,0.003993453235644037,202.0457021168736,0.5534822558119752,0
7.833394071792457e-10,1.401060481917785,0.04024938835986342,0.5903084744130828,0.0035503634670034424,222.7082585690304,0.5100267903273402,0
2.1648001527990814e-09,5.75604686859171,-0.15022350281886532,0.5982423691109469,0.0027560990417803163,238.98156708808332,0.448024631180073,0
7.63852146417776e-10,0.591812515748303,-0.12905487495834447,0.5906351803927916,0.0035539681585628133,230.70317766361356,0.4635436024544664,0
1.0545322831044073e-09,3.0271601880963797,-0.06157847863009399,0.5912044426135995,0.0032469503036065676,242.62125134087194,0.41712890434090644,0
9.944098717802737e-10,0.7065345842620511,-0.045938323678106574,0.5908616458205246,0.0033407564811777607,236.82086089349104,0.5102399551551087,0
1.027805238095084e-09,1.1704634742621263,-0.14889958487612018,0.5895045478397628,0.003396490131457801,234.35666831829016,0.4910694951727652,0
2.1246420938229763e-09,1.7688398259638591,-0.18739340618783415,0.5986761445816957,0.0028764495362421532,228.05412475124913,0.48356148407780913,0
6.166284647058833e-10,0.469260868579684,-0.0039005024958393606,0.5883382811938388,0.003732313271802516,223.14659182714874,0.48315551028382114,0
1.1208417060296069e-09,0.2843914935816601,-0.014907778309507333,0.5918809530013972,0.003241126001401147,241.69596587207636,0.44055726344518215,0
1.3351196905494013e-09,1.7931827556849724,-0.052999207118602905,0.5951485212900719,0.003153485366069531,225.10828783749056,0.5024715513772378,0
9.369419543816937e-10,0.7122211241843699,0.042698739649941864,0.5923814700055706,0.003620160528185763,216.4100826006874,0.5542025963978977,0
1.2202797458393654e-09,1.6388510030985852,0.1875435208634966,0.5912401615413102,0.0030518782729854568,250.30205451911584,0.464220916562292,0
2.6371233335508997e-09,7.781020097467832,0.15478133414002493,0.59295099985343,0.0022900397682280985,330.0725899376674,0.35714326208607555,0
2.087291099346169e-09,2.5793118929012246,-0.23207842555642985,0.5960354515723655,0.0026046126867167118,281.8635220056101,0.37213710386711457,0
1.6095131914379117e-09,1.656081438960691,-0.23428573952032836,0.5909364390629869,0.002628679071386509,284.00411338645296,0.4037885271020245,0
1.3143362623292791e-09,2.9169934621154376,0.0465150153409886,0.5921213466515495,0.0029400709000902783,252.52544941184956,0.4159892207336366,0
1.0083966685476144e-09,0.5408404607264864,0.09946132234190963,0.5922314436546006,0.0033029162494304693,238.03032754975285,0.44722810063546603,0
1.3979858818472617e-09,0.5344507309583909,0.09211839562958135,0.5948345958083215,0.002827609611145206,269.11260528108875,0.4144955719409378,0
1.5500581180212992e-09,1.7377055514008386,0.06686573717175796,0.5970642247926832,0.0029255183095927098,243.2073590603246,0.4543414095501624,0
1.2965025661384958e-09,1.8466021591087618,0.06052537432962115,0.5937471512839286,0.003018778707129723,248.92930163297342,0.47482192741614004,0
1.7802058830613715e-09,2.724360914640322,0.02067937700499889,0.5972011929485364,0.0027303761199054762,259.0654248752276,0.4064304089386448,0
1.9248448743642472e-09,2.3691815635846853,0.0892958984698148,0.5952753654533366,0.0025260583535727534,281.88048811932475,0.3543695435569446,0
1.3792086290368002e-09,1.0781064450593698,0.09772607656762992,0.5938388784732734,0.0028603716054450743,257.060470450233,0.4189712544174927,0
1.2115706504556959e-09,1.7206001236596924,-0.134886173851155,0.5904259483695825,0.0028063396640335817,284.4417994816808,0.38780001608940606,0
2.99437957981059e-09,3.5758521910557097,0.055525845210503334,0.5987163486772208,0.0023347497359781037,284.99120288070645,0.3427681150841788,0
2.1776537841401723e-09,0.8764502777829177,0.064074207216518,0.5997840097403985,0.002561019498997089,272.4961672789188,0.43248982931647,0
1.4508540690552104e-09,0.8140084523346115,0.05484998362042597,0.5962006015512847,0.0028612999569203553,255.0765873798865,0.44608389952360683,0
2.1311259849858698e-09,1.2896000626748318,0.21563571252749014,0.5984494739211653,0.00269694101264332,247.16970250276265,0.45389244820220104,0
2.678711841382396e-09,2.1557384695883948,-0.4029723649510366,0.6043874419219727,0.002580309796054362,239.79280450845613,0.4534181753232368,0
2.778010679901568e-09,1.549985055345945,-0.04512700944046213,0.5989812004891116,0.002750259160048244,226.6397988382164,0.43973003188997656,0
1.3717479609719105e-09,0.7251565529253102,0.010764801131238996,0.5919570976947995,0.0028480519967523303,280.21046928423357,0.3940801608021294,0
1.499401005463229e-09,1.315510153737292,-0.17286740630533748,0.5930992163091546,0.0029247027764809017,273.3733735681945,0.3656071154119208,0
1.944344209199358e-09,0.7013964489493804,0.026818605719300892,0.596393128596674,0.002632879146855944,281.9613608656237,0.3501426605800901,0
2.7003800885106277e-09,0.17988236438353256,-0.09059587012910618,0.5979045569274635,0.0025989590700173817,261.10304764591115,0.4110747262129473,0
1.5031963479765585e-09,0.5024145587362333,-0.029041632801176165,0.5929449542431616,0.0029323852384344133,266.1028204143313,0.43499260453430555,0
1.5243237529602587e-09,1.3816815271538836,0.12489877434391856,0.592895898607749,0.0027078550704477213,289.86631368551076,0.383891992236724,0
2.719589993519643e-09,1.1781626567626486,-0.02510060701615291,0.5976158802416254,0.0025732246901566426,270.2703405319831,0.3554120997482547,0
1.67297826314533e-09,0.3559905003038126,0.09814806308085165,0.5957198951694729,0.0026692481254877894,285.0605767584465,0.4015390769686607,0
4.40008384548871e-09,2.485082216358601,-0.37433001462523513,0.6026367474975497,0.002228967592521056,264.1667724596491,0.40299739322382716,0
1.7875275347896184e-09,0.3698643311357151,0.05662434027689391,0.5969382705397782,0.0028720032951535593,252.84888446030277,0.4621577519915775,0
1.8007095734243462e-09,0.8510091467589184,-0.06897239422481834,0.5952920836432156,0.002606481035681425,288.2572542532514,0.4259661683801791,0
3.733985278800861e-09,0.8757286323301247,-0.27047767125280503,0.6019504169335691,0.002159109373980395,301.71830783268075,0.3799855266060064,0
2.772269669271481e-09,0.03292617413835922,-0.04176542756568325,0.5973809429557267,0.002246757881788537,317.93430349881595,0.36809991771302664,0
2.8635913374650266e-09,0.6881955069882091,-0.03357425547407349,0.5968843371588602,0.0022488587000405735,327.5792531706897,0.3056121475298585,0
3.0096268417902075e-09,1.2329914745490183,-0.034118252449954804,0.5947323076028634,0.0021801547536708966,347.2641098173251,0.34556785004915114,0
2.3941883262536876e-09,0.677603245984844,0.2122088282281581,0.5952143193446576,0.002285001407488429,320.23978324894284,0.36352857120282045,0
3.0501025207787935e-09,1.2769016288856256,0.1364435125398605,0.6005746841163632,0.002286210997001083,289.6583613603837,0.37712909242848286,0
3.515898395830135e-09,0.9742850717579964,-0.03427840433703405,0.6009787753347514,0.0021484729555559024,321.27546384937347,0.3356134247073426,0
1.6385710173391997e-09,0.18156242230936548,0.06283800807922141,0.587238372570426,0.0022964792313153706,382.15654731479094,0.2578002862725679,0
3.5556112282044835e-09,1.7434927140760959,0.06962012552362094,0.5971557366818178,0.002046547644679319,340.502606475669,0.323701589467963,0
2.8730254840366634e-09,1.0186101720651337,0.12371437075102239,0.600001964710008,0.0023491140519863586,287.8766266975487,0.36718801981394017,0
2.8301082898907616e-09,0.7495350957186862,0.07031546934092116,0.597545342470507,0.002260027028941925,310.8671151451294,0.3585002770431878,0
2.653681849627541e-09,-0.07277879644594616,-0.0006234904348364675,0.5998391233189361,0.0023102875854748247,297.868865782072,0.3470609942540066,0
3.1397662338661158e-09,2.0485905883993745,0.22404132598936333,0.5965861611532665,0.002381405762894895,300.9692062578329,0.37148861303680925,0
4.884214657334329e-09,0.43757240084435284,0.08174014568806322,0.606703993477873,0.0022608390810532446,323.23421071727995,0.31972320631886025,0
3.016419012991091e-09,0.47648947320949614,-0.11885663950671661,0.5976856043111493,0.002175247974570136,354.96043971171395,0.3137301638181283,0
3.2212438202498106e-09,1.4951047135576434,0.28351558401867943,0.5973087769163387,0.0023432422194864795,296.9801823920439,0.3580328812691893,0
3.5145682724857763e-09,0.611695033057383,0.07139850319880034,0.6001557213719678,0.0020533925018145368,340.7602643478674,0.28352723489775244,0
3.4509914272122734e-09,0.6254400557873884,-0.04308848251703451,0.5965600488072189,0.0021840257761183883,338.0656345305857,0.3032961187086255,0
2.9888719186157258e-09,0.21673548592467062,-0.01785489904182173,0.5975062111890843,0.002132430209038146,352.9099380978012,0.28748027728845826,0
3.152932169444635e-09,0.5179178946329549,0.062180708676281456,0.5935205535458222,0.0020570249679361914,380.9113416240223,0.25210827912556205,0
3.739468914054952e-09,0.7306258704549987,0.004930764090530342,0.59780201969594,0.0018806144381032072,380.3606486658793,0.25435906154376636,0
2.7216324600668106e-09,0.4949367148893329,0.052017758215672144,0.5953735268671233,0.0022600984411143316,332.711913735517,0.3411637170329569,0
3.373647597048359e-09,0.3062273883241826,-0.18425671906763233,0.5987424833902902,0.002059090846952161,354.3844449705053,0.28954051008581755,0
4.365268868851323e-09,1.650954136608089,0.2106122859096378,0.5998986142161534,0.0019111687993042742,361.2801991310716,0.32256176918688056,0
3.8212365598473817e-10,1.1484261419494495,-0.07669834142320214,0.5795831689854515,0.0048299714561924985,205.18403530293696,0.5105167389661546,0
6.914851565244857e-10,1.2110884418385277,-0.15009535743271102,0.5871591446898626,0.004730643923868808,164.27892320578542,0.5971794354971716,0
9.653476051555918e-10,2.1900644148830444,0.1508926257705914,0.5737978335209749,0.005654182147089793,235.22419471191844,0.4734166607670764,0
1.5241615751277582e-09,4.284628504598748,0.02222677647601015,0.5700239134065798,0.007444164100641384,181.98959729674667,0.505996564496813,0
5.578539566789625e-10,1.5861475212484626,-0.29857240090489917,0.5729303784420434,0.005430235635180791,190.06224946397398,0.6210505348181511,0
5.775808410187888e-10,0.9163883926718679,0.04183363860284236,0.5737053932293249,0.005386285338188507,189.16867173585544,0.6105133026735311,0
3.972184106971103e-10,0.5991262805755072,0.11653447492441804,0.5736644094265556,0.005730118267418872,184.80992856341894,0.6256742787826748,0
4.840711249789106e-10,0.9690886631892789,0.19305630709364374,0.5758252506436582,0.005453387822801748,184.77811297101326,0.633237131896219,0
6.102072653804486e-10,1.765924044700025,0.02848530158234724,0.5732236302092282,0.00490441501628966,218.40695832198784,0.5035102429488834,0
6.275496892281374e-10,1.843780088839677,0.2495681053093944,0.5754641164505484,0.005035315883869622,203.24442589934617,0.534697148157277,0
3.211186555076684e-10,1.0909509359351743,0.15189829200980043,0.5714030627491095,0.005837575001371457,191.6093675258445,0.5312638514590925,0
6.66595908373257e-10,3.5791778506698884,-0.44610968797326755,0.5783477683682722,0.004898889447591109,198.3958941719924,0.5764284340937882,0
4.765051848952477e-10,1.2215958315092723,-0.24594401075536032,0.5756474029439514,0.0056565268476411424,176.61688252417568,0.6269510344002203,0
3.984419061156219e-10,0.7548060452230198,-0.1099863892796387,0.5745419594820024,0.005800594576434288,173.34725936807718,0.6279669003297699,0
3.621849949977524e-10,0.7997786121923411,-0.03402581852065554,0.5774157721808485,0.005735836945363847,171.6326504687398,0.5966660767330512,0
5.026669150047786e-10,2.297787226557022,-0.09392042433385178,0.5752490505346088,0.004933006592919367,198.56372396449285,0.5594553768479945,0
7.865939244598043e-10,11.313496970148,-1.2337324226537376,0.5788083444717879,0.004084420477279777,237.46145182807183,0.4591661070276738,0
7.891179709229827e-10,11.425507436409267,-0.5510216049308511,0.5737960354103702,0.00391061485328021,274.3832134408808,0.37352488432481995,0
4.208274991988263e-10,1.1328628659849214,0.041834588479294284,0.5781832411803791,0.005497240218727825,169.307104049308,0.6281110529102077,0
4.659333986144403e-10,1.9581691524755047,-0.2480999633347557,0.5758384852639329,0.0050935156574414605,185.03619947429607,0.47215508131809025,0
4.5130975733237425e-10,0.37289452004549245,-0.09070547836312502,0.5795555087614034,0.005324648560322098,175.89915963544465,0.5919179464275202,0
6.238010796420343e-10,4.297781995381918,0.0414489631907349,0.5772487941823398,0.004095358526286309,239.68018121651428,0.4530986407345155,0
5.579852550871317e-10,4.478250868414665,0.0223068397391942,0.5804471203054813,0.004706632048530731,187.56592219685157,0.5468519311112386,0
5.334077563192539e-10,8.643564751030643,0.21133413910496204,0.578221661844116,0.0043548904984831854,223.58066068179775,0.5540894797681267,0
2.943577418386539e-10,0.3817813726812824,0.03228273150933292,0.580051640339133,0.005876816481997157,165.11312382082357,0.5966753514437103,0
6.760975529411123e-10,1.1576366400040126,-0.14207613787589654,0.5852049791475867,0.004391148849553313,194.8552011685198,0.6117799833372093,0
6.504957010038479e-10,1.4202579424826993,-0.4776850964817343,0.5811718650314109,0.004767058421558232,181.98842177492796,0.5849646967030125,0
4.979220929311074e-10,0.8841188708492361,-0.19723909238254722,0.5832751913011273,0.004996791230687027,176.150793433624,0.6312297778482389,0
4.286582651474092e-10,1.5312963456037367,-0.2586925859726597,0.5815826257409643,0.00516253642378253,173.45202491181018,0.6094986073409542,0
3.603806566697188e-10,0.9908554271056081,-0.07446504149834365,0.5777300968221833,0.0053058041548392975,186.20236999242363,0.5757200909134843,0
6.191231632375079e-10,3.3409162582531557,-0.07203382950544632,0.5826900489204018,0.0045823315160994265,187.0660328863412,0.5761359272506941,0
4.436978159259912e-10,1.860800866481373,-0.25873909246562926,0.5780758762804562,0.0050382571243623355,184.46379668362667,0.535166834784683,0
4.350669247550548e-10,0.9354980924227506,-0.13436248256998162,0.5834059175601783,0.005173418386260942,172.42306477944712,0.617940473332188,0
3.9528203496818056e-10,0.6757637652511926,-0.10775689086752833,0.5795600929345596,0.004985084089369625,192.27763054995503,0.5467562966641568,0
4.836791685542927e-10,1.6171288058983528,-0.5029393243172694,0.5813834991044077,0.0047191513878184705,189.8526007697293,0.5114172105454957,0
4.485863952667511e-10,1.7698422309509816,-0.008744853330331157,0.5797212476640791,0.004920307533013482,190.52796900333135,0.5681890760022478,0
4.894257863611868e-10,2.2615237366139858,-0.12230793844816969,0.5814018461301976,0.004599124294654665,202.09315410816302,0.553750128938159,0
4.910724679109824e-10,0.5452281332194582,-0.05739825249223299,0.5838911051666402,0.004971863022981822,186.581217717374,0.5390527725268321,0
3.5748949219384814e-10,0.5203656502170096,-0.04622070971882067,0.5784706826860698,0.005402049762669901,182.10833590182392,0.5451468558349738,0
4.573993842596939e-10,0.6468573662045144,-0.06662052034258269,0.5816987429629131,0.004840888609181687,191.02171952507487,0.6028287791708007,0
4.3154403300877735e-10,0.6798712194957149,-0.07411406899246441,0.5815707718271074,0.004994622880575687,180.7667734310221,0.5407818003960754,0
4.3531195954576236e-10,1.5956241373238178,-0.33237743807019265,0.5824057723700432,0.0047949134035197615,197.77085130464795,0.4997108181428594,0
4.0149653441280974e-10,1.29924513708554,-0.2670093688852941,0.5794224988960759,0.004789179708124851,200.3604270400069,0.47148482854377577,0
4.79487942364469e-10,2.062497030286242,-0.21784100564584474,0.5801740629312723,0.004733884110631441,204.8750662463086,0.5285625087421515,0
7.346007798263228e-10,6.175974616680473,-0.3885454529607229,0.5828189162942828,0.003974246166458865,218.6523784353142,0.4958935634503318,0
3.669408746185302e-10,0.31727081933150747,-0.03615959922782256,0.5818068457320803,0.005153379607958564,180.30624095658595,0.598946671508728,0
4.1444878152312e-10,0.5866769291075881,-0.14498539450014933,0.5865136050349616,0.005248591848999481,166.37126041772774,0.6296616009019108,0
4.3700704155895294e-10,1.0610194963753983,-0.06069118571505524,0.5828133012417015,0.004990827518919294,173.59497510404506,0.6329094595820997,0
2.1894043120154105e-09,0.8365953326378538,0.1532683370957085,0.5740922265449323,0.00738565669558409,209.13399981691802,0.48934599130294026,0
1.2163434652488002e-09,3.3603556302724527,0.3008842969773797,0.583939313180626,0.0031392733902258483,294.38414564079494,0.3730944659842967,0
2.67030691140827e-09,1.0099467153366068,-0.0961449650210906,0.5656107609180766,0.004797447616583283,329.09715253483733,0.2502193480023672,0
2.1715110301800267e-09,0.17291905939718344,-0.12105434918499507,0.5719230791800152,0.0031405908140377955,441.4446499038392,0.2590848530751952,0
1.6039687906177329e-09,1.327576783829345,-0.05743824571617286,0.570701967233705,0.003455118730508541,377.02242441979325,0.3240689162097299,0
2.0379267377215283e-09,0.7566134723378317,0.0013747182981169446,0.5718831027108519,0.0029165121911093675,428.007699701671,0.2902581412366944,0
1.863926760748085e-09,0.6912895456168117,-0.02080877481987799,0.5731276142760011,0.0030490795713010734,399.74787341405505,0.3404533624095707,0
2.231500540353294e-09,0.6983915672575285,0.3042871610814886,0.5713983043166421,0.0029199578446108443,422.01699011130063,0.3475856364185902,0
1.3018773362146362e-09,0.4760478749464989,0.13152491864496343,0.5697860656753612,0.0039336257861160235,342.35390210435025,0.3840441030539346,0
1.4404669663604736e-09,0.5967692380453568,0.07308050914200705,0.5722324641134207,0.003820342748096478,346.5469753998518,0.3591426112458674,0
1.762003805918917e-09,0.25057524564599554,0.056261474171163305,0.5787239803696272,0.002995268823206636,380.52924368654413,0.3264267113521717,0
1.4301131451076036e-09,0.9585932670823952,0.014201624670726812,0.5814331131178617,0.0030506669699013633,337.80108713995656,0.3666289663072575,0
2.19067329940048e-09,0.9964565569561077,0.1333417954424769,0.5801024230995352,0.0027997490798422394,391.5964016113003,0.3313720590227262,0
2.0032413555702353e-09,3.9564099227508938,-0.08641737844604946,0.5854328878460892,0.002659077215694961,340.1247677283987,0.3925744296170185,0
1.990741365400485e-09,0.8413080023736313,0.2258158704061001,0.5841673757504711,0.0027484854913183156,338.4025623060889,0.3647575420325009,0
2.251909185786278e-09,0.996040459009488,0.033451414218906926,0.5875992191208891,0.002742516012142773,347.0314321480846,0.33023171244126925,0
2.7275604669974074e-09,0.6679641930113721,0.24799441255420615,0.575897668660395,0.003243415521500523,394.49267618720273,0.32119852396564097,0
1.9304675457047727e-09,0.503326135324318,0.08129397885789943,0.5745141854317494,0.003364465473143834,374.64577142991135,0.36184226045030426,0
1.6214457396578593e-09,1.5563490503071218,0.0927183146674233,0.5805080250275095,0.0028156671896880712,367.51227280430817,0.32571513612391273,0
1.9174917689261413e-09,0.6781698632293272,0.12787197558776028,0.5793551393481601,0.002803490263990091,392.6995804484646,0.34737104068775754,0
1.5304081744311106e-09,0.4590987547705839,-0.05057477380306993,0.5848338386319213,0.0029722590494261226,310.69779440046557,0.4180958466214323,0
1.2282413051377769e-09,0.9062502321346843,0.004344311028106687,0.5802567972949416,0.003195421754580055,322.78385718877774,0.4160220898830669,0
1.368354132687845e-09,1.6740801257433773,-0.16795712049401199,0.5837343481253867,0.003013383921417627,311.2683541066253,0.40715052331832674,0
1.5494937942687484e-09,1.359653755949007,0.15413617107505737,0.5837384364428321,0.0030507829612295635,309.0565157093076,0.4123297206807554,0
1.3812454590794714e-09,1.040283882427778,-0.0021041438815682535,0.5847788069880056,0.0030152190999264273,313.8845577506631,0.4066551809210236,0
9.309751073159192e-10,0.566227249154577,-0.16164666680688236,0.5854950098486346,0.003406448634501416,274.314744955746,0.490531509682508,0
7.885955910758455e-10,0.8201275053089452,-0.16843976779331848,0.5806431802196595,0.003811004725710484,266.6337938435983,0.48479705795896366,0
1.4503091580169765e-09,2.6849143239023796,0.3168915825504663,0.5848874248799986,0.002855749906399052,319.27965092600425,0.43043402772599326,0
1.3341858166663206e-09,2.859481880327492,0.48889776825624337,0.5809914606887205,0.0034662216432630954,328.057688239727,0.40013908734977205,0
1.115720817878249e-09,0.030827701915907852,0.09498188336011719,0.5811819831071822,0.003270834628032645,295.9800687633139,0.4288437552532317,0
1.4506091849601e-09,2.5082244024340414,0.3215736224486733,0.5834993340994505,0.0029879552530374756,309.9662615250225,0.43403263140662973,0
7.232042451945437e-10,0.7425679482336912,-0.31613607470920385,0.5810831520269661,0.003504879177496632,300.92137214660136,0.4159581849540464,0
1.0202710968205948e-09,2.219425066004832,0.3648556673661272,0.5827063452647888,0.0030172853261018124,328.47176186641025,0.42921442307791496,0
1.471792494399551e-09,1.4895569671066529,-0.2576091188809007,0.5851414461458622,0.0027255161724698495,334.7775691189482,0.39416146977587846,0
6.166014984946518e-10,0.37455867906420365,0.11760350460107578,0.5798944045302211,0.0037641365739930015,288.1271752934062,0.40321314285396354,0
7.264829553088766e-10,0.3745721579486807,0.006197927266873617,0.5817227367363258,0.0035095936391533887,282.1762277972511,0.43911469839843253,0
6.192458487759909e-10,0.4030929349962961,-0.0933266852568363,0.5812063961785844,0.003772828266213746,274.8674900925402,0.43810438905633986,0
8.219997186847289e-10,0.3277578342785385,0.045753830445840915,0.5808243169246997,0.0034158597316508686,301.2076214703845,0.43029238707890105,0
6.55697268452364e-10,0.6156382781806934,0.19678199411805933,0.5776134008486535,0.0037157457577911245,290.1668272774063,0.4214694172369289,0
7.972579017099303e-10,1.5169905318488215,0.04515815113037495,0.5764032157910618,0.0035892579021765,315.9088572350843,0.4048260953803144,0
1.0364897827492477e-09,0.8370130528675531,0.14658250652220192,0.5792717082964285,0.0033207522381331327,328.2656827862442,0.4130841733362254,0
1.2120785939131385e-09,1.9942696695109692,0.2642565278707733,0.5825143771849557,0.0030220837655149393,329.11619176231665,0.41908047384669195,0
1.0898527791373959e-09,0.47326442673016067,-0.04267860436296605,0.5813286798369616,0.003572483967257381,295.51902551676534,0.4705488877565178,0
1.3902051840108333e-09,3.740791753009519,-0.006415135528781081,0.5781439970970678,0.0032376036647617204,339.24238066565624,0.35411082050272175,0
9.633668944948034e-10,0.6438808126106925,0.05381706964671643,0.5793100779456761,0.0031744078624603867,334.45145127454924,0.3701612508587765,0
8.680242384520459e-10,0.6886074520414471,0.1436884337024844,0.5822938042326103,0.0033576117609967083,303.17223806799615,0.4213146305176696,0
2.030555028383028e-09,2.830594950768465,0.13568598381529726,0.5817591861100098,0.0028345549879611087,371.8226810900998,0.36743541184819306,0
8.508670193141627e-10,1.134082266803427,0.11081695846497709,0.5799287519515355,0.0031434221024336183,318.110031192176,0.41270971477679785,0
1.1277709770328357e-09,4.59718157272117,0.6831891116602083,0.5784229445009711,0.0026527761740784803,381.6258956594397,0.3886752418574711,0
1.1228568131088535e-09,0.9359836719856215,0.22771351134132492,0.5799930753434689,0.00296644949346679,348.25216965883266,0.3611647436630878,0
1.457984650324723e-09,3.4790065195309197,0.04463474319418157,0.5816800299400028,0.0027789416565811224,344.00421974371767,0.38261030926980427,0
9.601184288799683e-10,1.4523082476501064,-0.09335292279579949,0.5813208054304608,0.0031430700827869075,305.50579738000516,0.4225002219530484,0
6.467888516271094e-10,3.7425481240889398,0.4923900559889857,0.5709032400070219,0.005685058791245424,208.72316825348003,0.4171749918893824,0
4.1769863793232555e-09,7.057172327453629,0.7141300820297628,0.5734116530366954,0.00299997786360846,368.6494394316558,0.339814781604354,0
8.905218920460923e-10,3.93522532777583,0.19487872410015175,0.5727342293060576,0.004932704039704174,240.7487246791881,0.4386045889151189,0
6.033307164463505e-09,2.032804693271734,0.1574989479055479,0.5704812226199417,0.005906859938715209,239.2207845227746,0.29237413191230044,0
2.5926481267327953e-09,6.988416947734842,1.3824656817993102,0.5675767277469835,0.00658841274830154,234.9758457484996,0.40905471087159423,0
3.4953695291422425e-09,2.242671594322265,0.2062728621969093,0.5795248020766142,0.003056200264741834,379.07906847810403,0.3762620608831317,0
1.1208389382125312e-08,2.4168399226696864,0.603305646682932,0.5730294756374598,0.005689463469663783,259.423279305996,0.26929922444872956,0
1.482055817066671e-09,4.894866967533021,-0.8377644885305241,0.5763125376418293,0.0034074897600040854,329.0900054366119,0.45479309142366514,0
8.417835190412456e-09,3.5111817913171435,0.6771660776053144,0.5684628154323249,0.006827090242662312,231.3328991984988,0.1307060172787139,0
9.242034173129625e-09,5.719396975062257,0.8128371541585456,0.5634273671686267,0.00871244239366723,185.08861998587176,0.20288406521685484,0
1.027357416307826e-08,8.394713281347675,-1.1613200114609061,0.5700226047356688,0.006216129920386562,274.3972643306572,0.15851214589513002,0
6.353883852682039e-09,1.0420154131594497,0.4397875274923044,0.5743291261093498,0.0034241136805361126,334.88629245855424,0.2211410206964596,0
1.7116266388180122e-09,2.2982298688014438,-0.24574901159867266,0.5803323167653209,0.0032533410528531466,297.21981440226847,0.5190485908604869,0
6.979492910345795e-10,2.4319618739243842,0.4410002980107131,0.5738005405188987,0.0043439958515805776,262.38874544315655,0.5965232212212717,0
1.204954193422656e-09,0.8527961680652233,0.19104041384592488,0.5765852512697993,0.0037146723015460976,338.0112814842076,0.5201477221494821,0
2.111036850557301e-09,0.868458273638376,0.12255325868502241,0.5757179814342382,0.003032099690181501,399.29464653978476,0.36062432204147105,0
3.4695486211471315e-09,1.3802453477453624,0.11251849974280641,0.57862144070469,0.0032869111526864585,323.7276838864813,0.3532006881193746,0
6.079110611822021e-09,1.106753799237824,0.09841843053231532,0.5734685649972133,0.004740299721507842,290.34523567144663,0.27661790553356597,0
6.951726567729588e-09,4.341199925439399,0.7046510593458373,0.569500700178125,0.0028920197659598676,573.836970889492,0.2655538072382587,0
3.5363103321730814e-09,3.479658527044099,0.28969803079037626,0.5777106124767964,0.002713174416465324,352.98938693234055,0.43422835019762945,0
1.5415348213982937e-09,3.9219560841252865,0.021166986245529262,0.5775519431736186,0.003312142836255097,307.2702727898267,0.5343348495630192,0
1.2833984122332994e-09,1.7469167861772892,-0.22754229425600672,0.5740446087924557,0.003646794126976828,292.9937035820629,0.5121774550713658,0
2.0583212971053894e-09,4.093232888502459,-0.20487019985466692,0.5769679952044646,0.0031288423096884946,308.5858392580294,0.5062773691978908,0
2.240402778014603e-09,7.511771200288931,-0.35290292645409266,0.5800077668735101,0.003015618287330026,295.11954652629123,0.5321859570383624,0
1.5969314198257671e-09,5.183513521400927,-0.17454461291406054,0.5768810162362682,0.003358834745317381,294.65562398897106,0.5135941440846301,0
1.6851439043287561e-09,5.8301219713934485,0.2546314625678582,0.5749383025576437,0.003661499268983232,289.5931530945702,0.5376784171112852,0
1.2324961767422556e-09,2.7192525819199687,0.08839227642884512,0.5763762735059866,0.004039654153319874,261.496456089438,0.5482694622978139,0
1.1728776295032478e-09,1.3978755893545138,0.3724704063664057,0.5765234375838828,0.0038092418312862322,274.9742353120104,0.5596201318698624,0
1.2753026299683658e-09,2.0901539110805616,0.16373245632243297,0.5785375200505442,0.0038151014796207333,260.75249021489236,0.5632739336283868,0
1.2048619576348393e-09,1.6312756829754,0.49164715486132343,0.5800749618828456,0.003913887320631696,246.08836991384308,0.5546910373619834,0
1.1792666546180075e-09,3.3444080001549743,-0.1553687574093849,0.5813442297273915,0.003824743390389719,236.07863258074917,0.5554751889642657,0
9.518182113456463e-10,1.1609053278030583,-0.028804355004314042,0.582465845509494,0.0038577432746795585,247.48418956207146,0.5863443665756412,0
1.128112595630657e-09,1.5812058840856562,-0.14258193150414325,0.5790774729553559,0.003653015335576931,267.12215848970357,0.5945340588611564,0
1.3351828671130291e-09,2.0851141930352255,0.09201234862752448,0.5816277463465626,0.0035553974853497986,265.8354543138776,0.5806252262508707,0
1.5651986988123404e-09,1.6179336962925461,0.041304942671721655,0.5796480809817285,0.0036752709532021214,262.55386104472694,0.5495405762646165,0
3.2356909998649515e-09,5.165798858712374,-0.0935770565345277,0.5830074950327574,0.002949721919420512,270.7700723190554,0.4929847864502084,0
1.3001390214070623e-09,2.499310375932453,-0.23151505019282337,0.5828910481239836,0.0035093992556518914,266.1983579724171,0.5433572425917015,0
1.4915907783208773e-09,4.965753305359217,-0.7964762103299329,0.5854931273508744,0.0036632214492550337,250.41666045772863,0.4970754823378399,0
1.3640762218095383e-09,3.765651261300562,0.05660604905566676,0.5778870528654745,0.005247026422163532,245.2615862578442,0.5459198355034358,0
1.5180245937038638e-09,3.1832700385579122,0.38301448443455105,0.5759272009869416,0.0037001493730979256,313.4749238560482,0.5330156292746561,0
8.908737060250725e-10,0.7318270484707873,0.07609046589037813,0.5830116649435824,0.004249486051289907,212.40099982790525,0.59823187349238,0
1.508000101641393e-09,2.0584150377356933,-0.007484418015839119,0.5871982452909207,0.0034171241558274136,262.6508840677032,0.49839342160955424,0
1.3889945993439128e-09,0.44471437160730637,0.08523971415055027,0.5904029886429024,0.003438776324822795,241.403703773606,0.5341310525047465,0
1.5021547470312603e-09,2.5615787245746064,-0.2441642326228243,0.5877859802267872,0.003367021334422866,253.63829687411317,0.48590111280907944,0
1.0845602790501167e-09,2.00862646640998,-0.09034240059985073,0.5898902386629213,0.003761579658513288,224.09088540090713,0.5358648437632582,0
1.3343535083775187e-09,2.5354273269356895,0.36765775217656604,0.5897790512215924,0.003497935135141787,224.099548016662,0.5330638423566605,0
1.0167326244385746e-09,1.0245622922851674,0.03126280842084231,0.5900323815604606,0.003781616956045612,217.59767053855248,0.5228272063604259,0
1.5681584819642667e-09,1.7283957614675642,-0.012772803414348388,0.5922652875664149,0.003282964605795842,237.74995321411348,0.5067907154143302,0
1.0477288644756956e-09,3.462683891515676,-0.08568729321218067,0.5917169736878914,0.0035767914875794713,223.6973862261118,0.49848865836794376,0
7.592344122089817e-10,1.0705527760625948,-0.1321609227441841,0.5916904053632542,0.004100889075458826,194.41918864370393,0.5594079557020046,0
