,Variance,Kurtosis,Skewness,PFD,Hjorth Mobility,Hjorth Complexity,Spectral Entropy,Seizure
0,1.0685755615085263e-08,0.82322913323606,-0.06170058850307478,0.5739904661405857,0.004983681101181857,295.39411588010637,0.3454710307347043,1
1,1.2748207318561641e-08,-0.01870326092653866,0.020760851918268645,0.5597971413186166,0.010022626359459323,156.87530394124656,0.4390151834454205,1
2,2.104952161482288e-08,0.19877661509132166,-0.06823822658281249,0.5631371751734314,0.00689031743192673,221.39411097930417,0.30013379703152226,1
3,1.5843205914209943e-08,1.3875037235624887,-0.013851160877250877,0.5693333866778801,0.005449565168190028,291.23135847273994,0.22294430812346186,1
4,1.802177402035789e-08,0.3726954670486268,0.02501229794670155,0.5658195591027263,0.0050710664238859384,342.67458681962484,0.2890817339662249,1
5,1.5886758535846632e-08,1.3286090466955824,-0.31191864791434115,0.5608194018041328,0.007404176591723178,234.8377691929239,0.3306748237536856,1
6,1.865865753786015e-08,0.2747639585132191,0.027152706725906518,0.5638347970734924,0.00633606285280958,311.2331668612038,0.18455521578038467,1
7,1.277156217459612e-08,1.0242364726156603,-0.20288340320898646,0.6146614804688791,0.0017341065593196407,305.45555400785884,0.29788461891022444,1
8,8.404185939932726e-09,0.30006386033475874,-0.19027460324522927,0.6122037058462965,0.0019536995514109518,275.9428907229625,0.3281941965803761,1
9,1.697899511936115e-08,0.014583580249749296,-0.16449438504789998,0.6140937883228542,0.001563421377258528,354.68505575466384,0.2311338338511714,1
10,1.8650185224975982e-08,0.4269592457561445,-0.07400579887449638,0.6045569163756271,0.001531046196494833,508.4336987417673,0.1630423423026156,1
11,1.2956439931799445e-08,-0.038864358662232514,0.007754513962249954,0.5646595017448051,0.0050723965496210395,319.38125638375215,0.2529967585720538,1
12,1.3736440945825746e-08,0.6021221811507309,-0.03904898569496084,0.5565074843416348,0.009886118985504408,170.57702868931497,0.3847089113254447,1
13,2.6372487476572797e-08,0.11457793382663063,0.2487510188176961,0.5564208409679635,0.007446480363225387,256.0787982375198,0.2426773161332253,1
14,2.2124882970125674e-08,0.4199248958140657,-0.2606532461699215,0.5574307513626774,0.007546878047774394,248.80339504723716,0.18981703922570525,1
15,1.3313967557150101e-08,0.16157794002191586,0.11332872854281152,0.5584808355062133,0.00676284019401278,254.75155168231055,0.1973246932296611,1
16,1.0332598677829475e-08,0.3747348933861346,-0.07415524801660021,0.5705685750334295,0.00557528831614204,275.7505343349624,0.4171100049912452,1
17,7.86419219653125e-09,0.21352384112735526,0.11625632429494458,0.5558962142488365,0.008083735391122912,209.59928680218067,0.47062072504703706,1
18,1.924242888243261e-08,0.14891816622066542,0.16279140203333722,0.5595144858568165,0.005136505860125034,320.96994325239467,0.2772346779248699,1
19,2.7550491923608964e-08,0.567639727879093,0.3701390098809105,0.5751647033375185,0.002481797345725393,511.3282480367781,0.2300728156282574,1
20,2.032920250796145e-08,0.71616524703804,0.3136302168926575,0.5713084604235947,0.003293632051561776,432.9583370533642,0.1976934593776956,1
21,1.5315071180116856e-08,0.8272803258094218,0.08916595370135454,0.5779293577204938,0.0018921183805985628,550.8625350547874,0.20396238310280354,1
22,1.509809945285095e-08,0.8574343854695411,0.4899588144840117,0.5736586628054089,0.0026081350696171737,487.57834709267263,0.2590600484756445,1
23,1.9317836362891363e-08,0.7873064738313641,0.15890814343764334,0.5707434498173212,0.0023803138328051822,555.8792704492859,0.22421611069912886,1
24,1.3333564510997129e-08,0.07943594918718144,-0.07786482607828353,0.576418106375382,0.002036601162199689,589.4306130041455,0.19739191167561368,1
25,1.353109561646679e-08,0.660714394004033,0.0006660246657603878,0.5662908276975062,0.00468086276138471,319.6716309789024,0.3577025511524374,1
26,1.2709262814491214e-08,0.6672180756800797,0.08314925393344727,0.5604353545590984,0.005881381865649682,280.86813683296964,0.3949858845620067,1
27,1.6287391081085658e-08,0.4044200010616961,-0.06276601459305244,0.5624763634067853,0.004820784870844491,304.79345293481725,0.3327684600172821,1
28,1.3946053511682227e-08,0.37686350811246094,0.0469249396936062,0.5664557402986509,0.004110698572863236,322.6840308256905,0.3288285921024935,1
29,2.292082673532764e-08,0.2618434043478905,0.1573909671599835,0.5779428022641363,0.0026051408783512122,430.0082376858613,0.2984129935173925,1
30,1.956793576291828e-08,0.9544836203168372,0.34408460913885186,0.5811141510827688,0.0029079688404381704,372.9008468698937,0.3561740333227277,1
31,1.938410227424211e-08,0.9575725501265936,0.3960698434382071,0.5745523656442284,0.003165144490314401,390.6516371554885,0.29503538909539634,1
32,1.86621291782844e-08,0.6697663326353519,0.13145496798942055,0.5679211423177526,0.0031752267910627185,426.8727652673037,0.28169119751224503,1
33,1.6140205093476998e-08,1.2624928731888692,0.1062637731846304,0.5676227180305028,0.0026481715665691435,448.8503949139995,0.30329267435351875,1
34,1.2155321746175551e-08,1.2374316106898726,-0.23284936108352505,0.5885523212608851,0.0023659095990617245,349.25554266016985,0.3619009063188012,1
35,9.72540990766924e-09,0.2449856069956587,0.1147789580394052,0.5674232439896021,0.005080316382093205,273.95789483100043,0.4677943460866697,1
36,1.750357846686139e-08,0.3325950368909436,-0.0403097927073321,0.5602575473187751,0.005450982412355581,295.2239688034106,0.37776140512610895,1
37,1.6655018887141322e-08,0.3819137260067102,-0.06271775064460823,0.5659980075803547,0.0045945781464306525,310.9165327610552,0.38606718153325337,1
38,1.8007072523309032e-08,0.05525957866849692,0.050546365950392025,0.5686862304508243,0.004554653945274933,330.27685161501154,0.3718104876414712,1
39,2.2745536387576487e-08,-0.11279653672471472,0.02061949278456281,0.5791977224093151,0.003907143878698618,333.4020030503653,0.3939111600841991,1
40,2.235418931198885e-08,0.4875193219062125,0.28598958670480396,0.5726946014083917,0.0037266392692088725,336.98608745528213,0.4026503562557345,1
41,1.5776585612232016e-08,0.05015677882588565,-0.07877094891029837,0.5835123242007759,0.0037971153484945906,321.79173564994704,0.4448306996740797,1
42,2.0568539943107364e-08,0.15230699002627382,0.07471653954782094,0.5756375062276656,0.0039845804107043045,328.365617790982,0.39125966610128016,1
43,2.4278342649097137e-08,1.1183999569362928,-0.05073321615966722,0.5793897841712898,0.002924178490567839,365.01387500010316,0.3379597939613991,1
0,1.0636230547786065e-09,0.3245046545725707,0.003981359104034522,0.5905015030091152,0.004594525349991493,172.31205218185744,0.569318690982302,0
1,1.3111054806748114e-09,1.271935899609584,-0.08772293760512208,0.5916025455466362,0.004467970433298698,161.87312495652387,0.5796856361186061,0
2,2.0291571164831792e-09,1.1545778158319118,0.06164604295582116,0.5899423829929601,0.0035813108853671384,248.46034406041213,0.4805932147042473,0
3,3.7020443328586496e-09,0.7196340852946858,-0.17109814143766902,0.5709056830131637,0.005987666898181576,238.25396020565003,0.5340029613249592,0
4,9.250356882658273e-10,2.31747602410487,-0.2879677781140845,0.5742667822100289,0.004693098077504129,240.5627893791913,0.5360987454419979,0
5,8.16579055309939e-10,2.1149557880474963,-0.5867499312803951,0.5780359061161974,0.004943562080982188,213.35966485498142,0.5333899442201501,0
6,7.28608433528144e-10,1.2103172370037871,0.006536699273288611,0.5771808158791315,0.004978437865876385,202.79474007804583,0.5350836310922955,0
7,7.928436758693345e-10,0.6452495385022748,-0.14888182893155755,0.5786524207510667,0.004927946258653176,198.86791944817261,0.5792819927372251,0
8,5.684554082663823e-10,1.5617384458985966,0.0680121275374309,0.5805774787740218,0.005531129475129765,182.69884642206196,0.5587097495143509,0
9,4.759504606016839e-10,0.4645886271592376,-0.06234546639746678,0.5774768779309594,0.0056883684512316224,187.56952844097648,0.537985157744546,0
10,7.209431816607676e-10,2.2827251549895684,0.0025963167034404274,0.5813069418982891,0.004877804796105704,182.7367095698255,0.6129656251653021,0
11,5.204687688024934e-10,0.8333269722145378,0.25765833689674383,0.5850717496008562,0.005729217863684025,157.30740339999355,0.6155729656650334,0
12,8.595340319303995e-10,1.2330869266073392,-0.2120928829901366,0.5885769406878443,0.004903964594774203,174.31612812398097,0.5263635228529148,0
13,2.051516620852718e-09,1.36511493137673,-0.09387635477231347,0.5910279114263242,0.003710066999766972,200.27820839426656,0.5252806817124043,0
14,1.2746499372308105e-09,1.6230230428870065,0.13064861076506729,0.5849397532163579,0.004272942910633557,187.7816835578291,0.5600718249316682,0
15,1.933761178717003e-09,2.124765066216394,0.2580745017908906,0.5928499056967261,0.0036578093385852273,209.37048127502942,0.5311398962531981,0
16,9.836768156297802e-10,1.946443313246882,-0.1059494454647288,0.5861855048820838,0.004432273947703544,186.9593475414732,0.5315049064153682,0
17,1.2875063838444001e-09,1.630760377789814,0.06544322453208633,0.5876051183654453,0.00437366392721923,193.78381367889327,0.4773742238937269,0
18,9.234287783879988e-10,1.3165065999718604,-0.2774891488158763,0.5872848483948444,0.0049267822885429476,162.9379545813199,0.6123418794301619,0
19,1.3969856736144001e-09,0.8952424821904059,-0.030784194483385933,0.5883974509143918,0.004122719830396058,191.04588189660026,0.5695259010005229,0
20,1.134237083913986e-09,1.4804081283265516,-0.20227259143775045,0.5843594225518464,0.00429826734676593,189.87123082437347,0.5242380152755046,0
21,9.280465421341405e-10,1.8925837872700533,-0.042177448821072,0.5861124312063885,0.004971892866501465,163.5048507770771,0.5747745250250028,0
22,8.089377068584856e-10,1.2296847598391092,0.03662249028574683,0.5843120082680604,0.0047925620642562975,179.09225372014492,0.5108966465170856,0
23,9.711647471545697e-10,0.6396153954054106,-0.07430899619020791,0.586037189225771,0.004984293782971629,163.75286843806958,0.6217021893083253,0
24,7.790998400704875e-10,1.4660275600947956,-0.2250778337728909,0.5842793359601444,0.004895232053896476,189.13714021160126,0.4813152638078562,0
25,1.1009026284720828e-09,0.7648190423528574,0.03951946391674591,0.5884175918524323,0.0043810250479472635,186.5386266663946,0.4897885704694086,0
26,1.1907270018719076e-09,0.4593315826472872,-0.11305672662169132,0.5895201198124056,0.004651185297173996,166.36884319808755,0.6033423235570047,0
27,2.653852159093833e-09,3.1952637964778083,-0.043403588840508316,0.5958058460532365,0.003343915940080412,210.2621681302062,0.4660353897899744,0
28,1.6663214608536361e-09,0.59190268535129,0.03097168275430058,0.5947379604346971,0.004237880940672774,168.973092031152,0.5794555407571694,0
29,1.891850544113796e-09,1.9116587575857,0.3855384548217602,0.5903255926494962,0.003472988293320465,220.45301211491415,0.4895777462256005,0
30,1.7267567349536896e-09,2.2807068468010807,-0.12771246705658046,0.5913480611546303,0.003704587512837535,193.29206397204825,0.4799922996439785,0
31,1.1208020498320506e-09,0.5469052429240494,-0.007603448366204908,0.5905322550429023,0.00460716493392185,167.41781007355053,0.5754700857179122,0
32,1.4651544841535393e-09,0.6669349717318213,-0.02967235723124796,0.5942575433816575,0.00425490694553511,174.14335790940868,0.5577498447610258,0
33,1.8379122514856271e-09,1.0277329371588608,0.16291986654413734,0.5973615663775124,0.00380102628874477,187.9621064565625,0.5198398207294722,0
34,3.1204049756312253e-09,2.519035098981236,0.3096177061065691,0.5965032948449357,0.0030887647908212127,228.09374176303726,0.4552856568135263,0
35,1.5922645044482736e-09,1.4162671534055402,-0.05174753052618993,0.5881033661837101,0.003836458123066758,200.9251955298183,0.46804567878668396,0
36,7.886315240846771e-10,1.1989487596215922,-0.100690072407151,0.5816694597264029,0.004677781565910024,189.16451841309552,0.5298723499798235,0
37,1.4313695538654035e-09,0.48741145842201394,-0.16956041524911336,0.5859964377026322,0.004178824475768179,182.53678928361762,0.6001084899888116,0
38,1.5638155711929553e-09,0.14468545123817825,0.07512142640938142,0.5957568083781325,0.00399905878724814,181.3466305252374,0.4874005786297859,0
39,1.6377825058380527e-09,0.8180535728131475,0.08572920924295117,0.5914499787196664,0.00369864291871096,206.8710703323329,0.4933564867211672,0
40,1.4073165191173733e-09,0.3294898359180192,-0.07671582183128932,0.5951235126514506,0.0041194439960319604,172.51794173297313,0.5673624685703466,0
41,1.7804766195092564e-09,1.4522108119136472,-0.054028306828731484,0.5963181614282135,0.0036356223582121295,207.13008590715611,0.5320097634269272,0
42,2.1948333576100213e-09,0.4704174759129641,0.11179687285371803,0.5962083105301836,0.003513166356597618,204.17463368943038,0.4703924083931301,0
43,2.693610115153563e-09,8.110015217170906,-1.3220465788013132,0.5957370603074416,0.003287150704451659,212.81869733158672,0.4521075785258147,0
44,2.735383387480479e-09,2.8298707195629818,0.658909172507509,0.5946592476047718,0.0030515370063152647,229.90505642305348,0.4076818603977019,0
45,1.7837367711124007e-09,0.9266266709929556,0.0196711931430616,0.5915952104099378,0.003297874732446439,246.9170291332689,0.4232898490350968,0
46,1.636108998336713e-09,-0.02200929134744441,-0.05564639107479149,0.5919939800633108,0.003508181733229846,218.80102959198976,0.4145286070540661,0
47,1.8331975440682608e-09,0.7380274055967242,0.0931471808768613,0.5957803232405997,0.003498451478566255,208.40326687891894,0.4647286424352216,0
48,1.7679579486062895e-09,0.7693666071183219,-0.12531531820857075,0.5935278938359875,0.003242560893571002,243.03877279085896,0.40507509376213596,0
49,1.472427655891185e-09,0.4320031403327634,-0.10500247459610164,0.5934472598823056,0.0038317205959358014,192.82677660759842,0.4812530521973568,0
50,7.40807404574803e-10,1.077198051293652,-0.002840845848437616,0.5782434015520667,0.004302836542585928,246.1189804843391,0.4108067327232463,0
51,6.590134716350472e-10,0.7544373057999397,0.2688958271526233,0.5796040082853225,0.004840717322558961,206.10290947895126,0.4518388770988662,0
52,1.187906792624502e-09,1.7542626937550891,-0.10831871452521692,0.5811325326462616,0.0038452523082088655,254.42287780396998,0.3908953395992741,0
53,8.649019817136791e-10,1.5643874081996525,-0.0733713682102599,0.5821593574961201,0.004235248048919536,223.15192668993237,0.4686900114471677,0
54,2.2977777857910604e-09,6.891958614291937,-0.12043782765873486,0.5870710446566315,0.0031760569488337013,242.85030288992127,0.4284765541486603,0
55,1.5501146995453962e-09,6.413345815150037,-0.04713877129696161,0.5851392518488618,0.003678430150654926,221.25183755266892,0.4990575365793822,0
56,1.1328022875129573e-09,0.7299184142052958,-0.009625562659146695,0.5862900259525599,0.0041603305756237365,195.64879155036112,0.5269795091844787,0
57,1.4131200408899665e-09,1.0283397437436559,0.024729121269100943,0.5902528304082683,0.003952184387377049,192.1246639440608,0.5150126064129256,0
58,9.310481870281154e-10,2.630935869952031,0.2355926074156979,0.5831917585280445,0.004001708401199402,225.87241265382005,0.4724196882287795,0
59,1.1578435866050569e-09,3.3857634783486894,-0.19449739706011027,0.5849738363275082,0.0040681235063597075,198.89845230058862,0.5247446532287189,0
60,1.1519144249575608e-09,2.2382178763342604,0.11145567773162224,0.583752900602638,0.0039800119468634135,208.53654580273542,0.4717531037949436,0
61,1.2613189017034716e-09,5.109809846171938,0.08274220062261149,0.5846123031953054,0.003706721910925657,227.57956670916687,0.4579831771811134,0
62,6.976648808801682e-10,1.2741445668834543,-0.08234159387172965,0.5818377714329462,0.004987577923882968,173.2677093655442,0.5637989108244377,0
63,1.0303129166171267e-09,0.9837034435649524,0.1840033131925426,0.589892215198441,0.004767645548638328,167.24421520527034,0.5844975244929226,0
64,1.3755184646695425e-09,1.3551457046420847,-0.09490848758336684,0.5879031081186701,0.004309898754820915,174.33018627641113,0.5485088790647741,0
65,1.54177371596947e-09,4.193234906814786,0.2892208741622061,0.5848401450133472,0.0034604211422108577,238.22493675699485,0.42576490537433176,0
66,8.236928308853678e-10,2.124626568718701,-0.02696925161808818,0.5819070467918128,0.004598853524902964,193.07967643817813,0.566969454276709,0
67,1.3136282492401062e-09,1.0753362300276368,-0.002983433023980441,0.5913413046706608,0.0039669709861049575,187.7913506501751,0.5157347322171311,0
68,9.507513477734294e-10,0.5493246268931404,-0.1596214570556576,0.5887863453226432,0.00459581342414029,177.5800754596891,0.5836672124202628,0
69,1.3431456911673854e-09,0.9140949765070412,-0.04265778627108013,0.5867128103549154,0.004108747568951258,191.20477971536462,0.5053625007822063,0
70,1.538111961618191e-09,1.831908033409608,0.0516210372594192,0.5861964936237615,0.0036628359758577454,216.51299707394185,0.4491828241976527,0
71,2.013290976075897e-09,3.4111261476812245,0.15414304593803993,0.5915582821358779,0.003446537005106493,221.96648737650472,0.4142128723732075,0
72,1.1700013654577918e-09,1.7701789366249423,0.2192457765584688,0.5858867018302624,0.003949787683638693,223.85086252383124,0.4253224278526487,0
73,9.881122042879898e-10,1.9137308879711377,-0.12913528700263524,0.5822507064617584,0.004132417468093324,218.49266128256286,0.4764600116839828,0
74,6.599798144655542e-10,0.9180647652909548,0.00930456374540603,0.5819329247575734,0.005044473669182681,179.39481486319698,0.5514128613590624,0
75,9.517125678077796e-10,0.8741237690552316,0.04287115576160702,0.5859106314935386,0.004187838761252357,200.3394034828181,0.5056448184528854,0
76,1.6378915444236733e-09,3.170509209973842,0.15965906244499947,0.586183900466758,0.0032720533850585237,261.8348170450774,0.4407656608958781,0
77,1.1785858950109502e-09,1.8566858562756792,0.16543145360750824,0.581507550093881,0.004177006436962649,210.96940282609498,0.5011720161525012,0
78,8.873815390435893e-10,2.0832630371493672,0.10684472577957876,0.5786288409636432,0.0042013629477798175,238.52594764981475,0.3737166125323981,0
79,8.974749496746957e-10,1.3719059779562095,-0.016000691058679756,0.5832893072088366,0.0047651415964282025,184.16064744428047,0.5426357124540031,0
80,8.708883863696416e-10,0.913701479512135,-0.0586021485720997,0.5879046293164301,0.004589121451754862,182.7207962099,0.5813939535226232,0
81,1.2323497334440838e-09,1.876151783710891,0.1299552832311494,0.5882391358780455,0.004526333083206782,178.08360877892898,0.5641255925649247,0
82,1.0090538124832888e-09,0.7850005820358631,0.010805437687337624,0.5846125915904191,0.004397873022112699,191.1023138094854,0.5445175880003942,0
83,5.136184989612857e-10,0.8722064087129701,-0.0712549772966454,0.5805325330578711,0.005566524537237023,165.59977597735138,0.5767508468925393,0
84,1.3594425401358513e-09,2.997446137595451,0.1443811442775567,0.5863979800579354,0.004104582444349411,191.5568612519077,0.5634132920823763,0
85,2.4266947315134405e-09,2.0999970833709307,-0.17274854084300606,0.5891979907001351,0.0032461860985882893,225.69429673621448,0.4965714044083892,0
86,6.712624699082469e-10,0.9965226019905096,-0.0470271851723319,0.5805280727329919,0.004846164262767415,191.60488542805172,0.5492349783565116,0
87,9.845405097290322e-10,1.5803644972176767,0.19719865197817787,0.5839762063360615,0.0043903606837571605,194.42302201192413,0.45796278472360796,0
88,9.646668038747853e-10,2.8871278120359336,-0.2515202505318237,0.5875969470952679,0.004679363170865517,168.7603667633101,0.555458044400796,0
89,9.496170025615816e-10,1.5973754909808808,-0.05000686774410512,0.5853238448013908,0.004605083036033832,187.6761627435204,0.513875731691531,0
90,1.2025265374344097e-09,2.2977890383306026,0.3931506953418646,0.5885985209060363,0.004055574512678046,199.58786391801198,0.4738763909218999,0
91,1.1139745288839852e-09,1.597127217075457,-0.1741167810424291,0.5896483656012704,0.004148449105588193,188.114509733443,0.5179249644847679,0
92,9.825512702720628e-10,1.7451835654622487,-0.2509301058364634,0.5869863114999178,0.0041797630789439134,195.2122162611333,0.5476677508819849,0
93,1.9259929723750027e-09,1.2974238658045218,-0.03361409221795236,0.593549090891934,0.003509315200716083,213.0363198372833,0.470996892804465,0
94,1.2645731011081365e-09,0.6773525849645301,0.01944810221075986,0.5873391299015455,0.0038273366826627134,215.60904133457188,0.523219295137062,0
95,6.710302514994792e-10,0.9914436407568128,0.008941264975722266,0.5804211478167828,0.005003027349312889,180.24828963890133,0.5238331346224836,0
96,6.814247644808163e-10,0.6053550913699998,0.0699445170149195,0.5816191022940038,0.005071142624009938,171.7368323086938,0.5469013744773192,0
97,8.19296553466883e-10,1.0942082058152736,0.05607362056207812,0.583499606898944,0.004997424518468393,173.32285384410648,0.6009048716523382,0
98,1.4734559184300842e-09,1.90188325755816,-0.22634713836109105,0.5855713728780972,0.0035678645370364396,221.72065040458318,0.4870055757092866,0
99,1.3953073876203395e-09,4.230107388595879,-0.19372428564470864,0.5848871754302789,0.003583665132509865,226.6532544864461,0.4589858447747846,0
100,5.501279733862143e-09,1.0146036985533158,0.040993240642371365,0.605223581647166,0.0021597718316821667,288.7195338876387,0.3238515085513581,0
101,3.484289791697414e-09,0.4413507844429508,-0.0874256610961126,0.5991619879762745,0.002289082627552005,320.33428851906984,0.2897983156943648,0
102,3.109597875817544e-09,0.042642734844374974,0.04733509014847968,0.5962061638927243,0.002062738040494902,364.45161343310036,0.26523712853282805,0
103,4.205177872599331e-09,0.03078793295302836,0.0648666235260927,0.5994218121965941,0.002012408308029392,350.3009552414205,0.2656312732203213,0
104,2.723671110472687e-09,0.39890466504224986,-0.1832243297032412,0.5969218735699903,0.0022716375302580115,320.37792045763393,0.2986318918735861,0
105,2.7793926717385496e-09,0.2279678755010274,0.14018639814146094,0.5948719706205275,0.0023403280300160986,325.34905066129755,0.3267071458566249,0
106,3.567841517798905e-09,-0.01651211216745319,-0.026628572353309118,0.5998586589672444,0.0021566225110346312,336.3042569807976,0.2694147945740972,0
107,4.099812165324932e-09,0.5003561527471903,0.09740271826385828,0.6006871296009159,0.002100313401991119,315.1821565607058,0.3401294486869477,0
108,3.607166038182748e-09,0.7042870300726266,-0.1820839553159085,0.5985119865949137,0.002285184444084121,323.9052168878334,0.2857111861332299,0
109,2.824823652483588e-09,0.7574926896710462,-0.15066522652366438,0.5982833945847131,0.0022685486247113786,322.98689516730775,0.30413630815441245,0
110,4.183049368855855e-09,0.5834099566144418,0.06870035592245377,0.6046604266483345,0.0020740877457257625,321.22346407355394,0.301892059282926,0
111,3.250023255224914e-09,0.05372110641609732,-0.06745069455980462,0.5967396716766414,0.002066195687386885,368.5755703856522,0.29423896170887304,0
112,4.928769350320165e-09,0.2160035747913014,0.02886491417348248,0.5976673067831575,0.0019062479608948774,359.0416685458704,0.2541207398377436,0
113,2.887565199149733e-09,0.3926525170971663,0.01875385861775057,0.5989798187450333,0.0021818746113816483,331.9993642441849,0.27928376550667783,0
114,3.5868254545140684e-09,0.4678708415740894,-0.0062798788945386454,0.5951146709939998,0.00209293283168934,355.59861861072426,0.24538931346480136,0
115,4.641495785158886e-09,0.9410720484995316,0.20865510186026615,0.6038292540876049,0.00217194622014133,295.843775579097,0.2820618116506897,0
116,3.344014043692069e-09,0.3406214448320763,0.07525917482263812,0.6006158206842797,0.0022629139851238892,302.58745364432565,0.2901028893281234,0
117,3.125717731167317e-09,0.1098052291105643,-0.09355974361715448,0.5945296508263189,0.002061100861819255,376.48871669748365,0.2546669394636269,0
118,3.8992543528218356e-09,0.20730469581819566,0.1448341587154561,0.5986909443609572,0.0020193809356314294,345.10349103794533,0.2623176371750956,0
119,5.200604106136067e-09,1.3914584570020605,-0.023869794601328858,0.6005743508110543,0.001996856699401685,342.82678823482934,0.28663374071794984,0
120,3.339636081229783e-09,0.3033697118324267,0.051103860740159525,0.5981331511458873,0.002140076688035075,342.3415566115812,0.2921123588906334,0
121,3.5801616675212577e-09,0.5487335729880785,-0.101954264109859,0.5984815874812025,0.0020472658384480653,366.1056059134692,0.2744965231810649,0
122,4.039942545237334e-09,0.2543778523941367,-0.1642483882275499,0.5983649163639232,0.002060039852258512,352.124893973657,0.2691971890533429,0
123,4.3568340328381015e-09,0.15243807374614846,-0.13821348088725893,0.6008040132299061,0.0022447043435942404,295.929891423569,0.2847652634681255,0
124,3.967937152485828e-09,1.0234940650013034,0.1916088692387528,0.6038055679656614,0.0022102406598319296,295.7311548951121,0.3318513902140093,0
125,3.689465054667543e-09,0.33417520650736393,-0.01028154419803097,0.5997527443507049,0.002055736087461957,355.4982840290409,0.2798236688670291,0
126,3.579699283960832e-09,-0.029135413252380376,-0.10605528303599827,0.5966185690738993,0.0021149519572105577,366.87290145446815,0.23128410845801475,0
127,3.868528229693742e-09,0.07817451285053245,-0.024575748396542363,0.597909341053856,0.0018358740959607109,397.1611257696112,0.21374249971898354,0
128,5.046320925691118e-09,0.7445029896436782,-0.14179635111082786,0.6013746580732864,0.00196256117308087,349.8820442730894,0.2547008722342444,0
129,3.955631101577939e-09,0.6335921585041914,0.07648509623265624,0.6017770617744821,0.0020495399362926874,331.19643684882266,0.28194252811722764,0
130,3.4111969570018517e-09,-0.035670342805212314,-0.25915496115839043,0.596841123932581,0.0021120657240827185,344.3361253710325,0.2950244298828761,0
131,4.392194057970318e-09,1.4374337264654589,-0.13760744997696778,0.6006601899174929,0.002016699154031093,350.21598463131266,0.23166096622912416,0
132,3.729590688151998e-09,-0.17014907055194195,-0.03936005326960303,0.6001560765316856,0.002107187015213248,341.5630732969996,0.2833803113809157,0
133,4.651000007625048e-09,0.9232676109584234,-0.12570592682677073,0.5984536016873537,0.0019696468458331,364.89903694442086,0.25736082741004396,0
134,3.9847179055106524e-09,0.7343590859293093,0.11230541534571707,0.6004336372860156,0.0023694614776708024,288.07161466886674,0.30941902394230925,0
135,3.329685872615671e-09,0.3860162099993052,0.03056258974787375,0.5981077744758715,0.002108643150546982,332.89773939476044,0.2889029609211217,0
136,3.4456755722814216e-09,0.04956241642867402,-0.11746086764204512,0.5997401073154284,0.0020451038764460177,341.88811484186385,0.2454296496799717,0
137,3.667420500069137e-09,0.09402228151158573,0.1387792612076118,0.5994154319944205,0.002030044354160023,359.62493998593294,0.26143867168628976,0
138,4.1007440113923145e-09,0.3625731700611319,0.0955920647643414,0.6000562352153381,0.0020375132898102035,339.1887249712558,0.2880947231553561,0
139,4.842873201622863e-09,1.303505076793776,0.1564274181181237,0.6005162591105115,0.0019783972550726967,353.0827955038448,0.2661970361589522,0
140,4.786712883400814e-09,0.6569062744880252,-0.22978265053139524,0.6033732655938971,0.0021526496889782906,320.96213696040587,0.3205696213196363,0
141,3.776754967647447e-09,0.3933769190690051,0.04442057572350696,0.5979546098494296,0.002026008978920125,360.2629453859144,0.2603721706383129,0
142,3.774339630654427e-09,0.6243282952094915,-0.08047779950841634,0.5999154601977422,0.0020544350074807468,327.60241525139105,0.2754939674868354,0
143,2.847802990775901e-09,0.4232986311846084,-0.17092483765792044,0.5945678820839196,0.002159446605305757,364.3610860242181,0.2511455858672895,0
144,3.354830172666445e-09,-0.08186144836183208,-0.02989995664375272,0.5985026781821357,0.00211416924835332,335.4696266608499,0.2705772988153398,0
145,3.254578105149252e-09,0.07077557845812928,-0.016366360376086853,0.5999123612793066,0.0021990209438882517,328.53658932229166,0.30377253118065234,0
146,4.654254417172717e-09,0.4421636663578015,0.02256287018158234,0.6041546179656283,0.002166943999397261,293.2789399512921,0.2962570840009721,0
147,3.1940210474674447e-09,0.6680781673240025,0.00015430838317088502,0.596003774841525,0.0021954207181654377,343.95380588251544,0.2542433779709141,0
148,3.60546544994308e-09,0.06218249587501212,0.0014021515617123708,0.5978353334964125,0.001993225565011006,360.2279315966375,0.2637413922292263,0
149,4.595269330395661e-09,0.2708204073967657,0.038937624320591134,0.6028533404707089,0.002035610949700238,320.336361726004,0.27096625562956195,0
150,8.109802267033261e-10,1.982210451309994,0.13958648378032576,0.5837774360138671,0.0036127008733106,258.49622362173653,0.4642396016080883,0
151,6.692615856125854e-10,3.7290131185176034,-0.019023990723423773,0.5841053527447869,0.003773928192353922,229.54328059169092,0.4874268060828434,0
152,1.3686400299241875e-09,2.543293113400784,-0.12673021056796066,0.5906709187341511,0.003171220426868137,259.7235808575601,0.4305615383514268,0
153,9.055758186837711e-10,3.0624307769535712,0.2013544984074036,0.5849429868374577,0.0038580176695404774,212.26051755487782,0.581612671843083,0
154,8.018887462958728e-10,1.5205345943228654,-0.1908315527164023,0.5904518897889838,0.0042507364368376144,178.9714368801729,0.6483709813084683,0
155,2.2140087423129898e-09,3.47854913853643,0.4530333673376776,0.5894157220505588,0.002575365718633589,287.00158776968857,0.40415781014808544,0
156,8.193256353060803e-10,3.001767253254387,-0.05432595460444941,0.5834743500995146,0.003442788589759221,249.7412790621141,0.4534361956483334,0
157,1.5897625639673035e-09,1.5269413490170656,-0.06755605835195308,0.5923304297685119,0.003089830935727093,235.25880436636243,0.4873851372275703,0
158,1.1872878955185796e-09,2.701765747262272,0.08256778118429886,0.5918057322306121,0.0033174039822447565,211.7882323016661,0.5079780264850933,0
159,4.832488791338002e-10,0.7069770499260158,-0.007499880151189443,0.5871375754157665,0.004209063252929239,204.11654057659317,0.5254708291002737,0
160,5.164548254939153e-10,1.4882825648851388,0.06392890671290788,0.5883133985772607,0.004219809432421801,206.68991152497597,0.5375127837626337,0
161,7.953797022112145e-10,0.8676994028011341,-0.05895360373351475,0.5908954105452319,0.0038422655653363885,209.58733821663463,0.5845918498994969,0
162,8.763507297316363e-10,3.666727062232253,-0.4061669423909627,0.5880554675687731,0.0035454179639334213,216.52673658989124,0.5316158893363484,0
163,9.361054350099504e-10,3.7176944511269885,-0.02089340201932255,0.5881738529040669,0.0035719281042400548,239.18585455677686,0.5047490091042179,0
164,7.241248927562932e-10,3.2566727798070665,-0.00886379249214982,0.5887386857125961,0.003931339661946135,203.99738994004252,0.6333953221330771,0
165,2.691054105721438e-09,6.226323379189672,0.6135926933146569,0.5960212533896433,0.002579887716671961,263.7275011956023,0.3891048729704397,0
166,5.091087582370684e-10,0.8344067865619736,-0.12408319438763846,0.5840271628786353,0.0042335367786207525,205.87310537235194,0.4512325176863252,0
167,7.113615676238432e-10,1.1792632466153488,-0.007155885321050688,0.5870647432598621,0.003754097945829147,218.56294388920682,0.5113491784676523,0
168,5.763026444885604e-10,4.598529655709883,-0.10489536916533347,0.5869978567554767,0.003990957441500057,212.28873490265102,0.5580213470311495,0
169,6.265578166922212e-10,1.1645306550011012,-0.1736147429756858,0.5864055644747003,0.0038454010515264546,222.85039244198632,0.4730614834454038,0
170,5.676730958692198e-10,2.3778751885327463,-0.3262544783762317,0.5901006107499748,0.00449445256085065,179.8088090532867,0.6110491761728629,0
171,8.112354935794625e-10,0.9268877001231658,-0.3288689445394127,0.5910809707681791,0.0040883469071294285,180.42438163734226,0.6104978359041802,0
172,8.205117066038923e-10,2.2105139744988795,0.044916336172365165,0.5896886038414368,0.003866043277500266,189.80270453503277,0.583507884730956,0
173,7.771111529479201e-10,1.4207931777036602,-0.2265929896316217,0.5916768111302191,0.003853396767119465,204.12056168273972,0.5442213125653835,0
174,6.08752707477496e-10,1.1330535290484354,-0.2324463670069946,0.5901201312293654,0.00411976219438996,200.01056344735485,0.5695840640820746,0
175,9.0854674363102e-10,3.6681704547074823,-0.1112657022833921,0.5936341561047663,0.003548826381828885,207.77021794577743,0.5490682334369987,0
176,9.08792106298697e-10,3.091939516516428,-0.16918014454310645,0.590956381242099,0.003990575120649409,182.10597319151898,0.6184459040449997,0
177,1.3415261693434772e-09,4.871995606596175,-0.2548771711351753,0.5913165841243138,0.003532762164962361,186.70946342991107,0.6120606340934619,0
178,5.953564296630061e-10,0.07328278961932784,-0.09676558489016046,0.588083185636438,0.00408968587691778,199.664271311363,0.5654519193918106,0
179,6.731478769581912e-10,0.9092771243885645,-0.020501839458996796,0.5854517380903667,0.003722765355243453,230.45260285049287,0.5083896385388615,0
180,7.753061543662397e-10,1.2242953891172756,-0.04108594585311178,0.5947335953912128,0.0039533628205743595,189.68922939816966,0.6099426448490739,0
181,5.83496005485436e-10,0.9068292388667638,-0.04697154701216195,0.587733831753786,0.004054119177181692,199.66699225347955,0.5522316377328388,0
182,1.0614601916742406e-09,1.597003270997571,-0.14990469617118632,0.5911399969625969,0.0036150222387852033,206.7424623020109,0.5352510399308935,0
183,9.052402150784733e-10,4.104069782553875,0.2484964924114819,0.5888800408319829,0.003606877854622789,221.48736881441934,0.5351435493123189,0
184,7.255047831516182e-10,0.8737415862299717,-0.05506097099093458,0.5896236529418296,0.0039934532356440365,202.0457021168736,0.5534822558119752,0
185,7.833394071792457e-10,1.4010604819177848,0.04024938835986342,0.5903084744130828,0.0035503634670034424,222.70825856903042,0.5100267903273402,0
186,2.1648001527990814e-09,5.75604686859171,-0.15022350281886532,0.5982423691109469,0.0027560990417803163,238.98156708808327,0.448024631180073,0
187,7.63852146417776e-10,0.591812515748303,-0.12905487495834447,0.5906351803927916,0.0035539681585628133,230.7031776636136,0.4635436024544664,0
188,1.0545322831044073e-09,3.02716018809638,-0.06157847863009399,0.5912044426135995,0.003246950303606568,242.62125134087196,0.4171289043409064,0
189,9.944098717802737e-10,0.7065345842620511,-0.045938323678106574,0.5908616458205246,0.003340756481177761,236.82086089349102,0.5102399551551087,0
190,1.027805238095084e-09,1.1704634742621265,-0.14889958487612018,0.5895045478397628,0.003396490131457801,234.35666831829013,0.4910694951727652,0
191,2.1246420938229767e-09,1.7688398259638591,-0.18739340618783412,0.5986761445816957,0.0028764495362421532,228.05412475124916,0.4835614840778091,0
192,6.166284647058833e-10,0.46926086857968397,-0.003900502495839361,0.5883382811938388,0.0037323132718025155,223.14659182714874,0.4831555102838211,0
193,1.1208417060296069e-09,0.2843914935816601,-0.014907778309507331,0.5918809530013972,0.003241126001401147,241.6959658720764,0.44055726344518215,0
194,1.3351196905494013e-09,1.7931827556849724,-0.052999207118602905,0.5951485212900719,0.0031534853660695307,225.10828783749056,0.5024715513772378,0
195,9.369419543816937e-10,0.7122211241843699,0.04269873964994186,0.5923814700055706,0.0036201605281857632,216.41008260068742,0.5542025963978977,0
196,1.2202797458393657e-09,1.6388510030985852,0.1875435208634966,0.5912401615413102,0.003051878272985457,250.30205451911584,0.46422091656229203,0
197,2.6371233335508997e-09,7.781020097467833,0.15478133414002493,0.59295099985343,0.0022900397682280985,330.0725899376674,0.35714326208607555,0
198,2.0872910993461692e-09,2.5793118929012246,-0.23207842555642985,0.5960354515723655,0.002604612686716712,281.86352200561015,0.37213710386711457,0
199,1.6095131914379115e-09,1.6560814389606908,-0.2342857395203284,0.5909364390629869,0.0026286790713865088,284.00411338645296,0.4037885271020245,0
200,1.3143362623292793e-09,2.9169934621154376,0.0465150153409886,0.5921213466515495,0.0029400709000902787,252.5254494118496,0.4159892207336366,0
201,1.0083966685476144e-09,0.5408404607264864,0.09946132234190964,0.5922314436546006,0.0033029162494304693,238.03032754975285,0.447228100635466,0
202,1.3979858818472615e-09,0.5344507309583909,0.09211839562958136,0.5948345958083215,0.0028276096111452056,269.11260528108875,0.4144955719409378,0
203,1.5500581180212994e-09,1.7377055514008386,0.06686573717175796,0.5970642247926832,0.0029255183095927093,243.2073590603246,0.4543414095501624,0
204,1.2965025661384956e-09,1.8466021591087616,0.06052537432962115,0.5937471512839286,0.003018778707129723,248.92930163297345,0.47482192741614,0
205,1.7802058830613713e-09,2.7243609146403216,0.02067937700499889,0.5972011929485364,0.0027303761199054762,259.06542487522756,0.4064304089386448,0
206,1.9248448743642472e-09,2.3691815635846853,0.0892958984698148,0.5952753654533366,0.002526058353572753,281.88048811932475,0.3543695435569446,0
207,1.3792086290368002e-09,1.0781064450593698,0.09772607656762992,0.5938388784732734,0.0028603716054450747,257.060470450233,0.4189712544174927,0
208,1.2115706504556959e-09,1.7206001236596924,-0.134886173851155,0.5904259483695825,0.0028063396640335817,284.4417994816808,0.3878000160894061,0
209,2.9943795798105896e-09,3.5758521910557097,0.05552584521050333,0.5987163486772208,0.002334749735978104,284.99120288070645,0.3427681150841788,0
210,2.1776537841401727e-09,0.8764502777829177,0.064074207216518,0.5997840097403985,0.002561019498997089,272.4961672789188,0.43248982931646995,0
211,1.4508540690552104e-09,0.8140084523346115,0.054849983620425966,0.5962006015512847,0.0028612999569203553,255.07658737988652,0.4460838995236068,0
212,2.1311259849858693e-09,1.2896000626748318,0.21563571252749011,0.5984494739211653,0.00269694101264332,247.16970250276265,0.453892448202201,0
213,2.678711841382396e-09,2.1557384695883948,-0.4029723649510366,0.6043874419219727,0.002580309796054362,239.79280450845613,0.4534181753232368,0
214,2.7780106799015677e-09,1.549985055345945,-0.045127009440462135,0.5989812004891116,0.0027502591600482443,226.6397988382164,0.43973003188997656,0
215,1.3717479609719105e-09,0.7251565529253102,0.010764801131238995,0.5919570976947995,0.0028480519967523303,280.21046928423357,0.3940801608021294,0
216,1.4994010054632288e-09,1.315510153737292,-0.17286740630533748,0.5930992163091546,0.0029247027764809017,273.3733735681945,0.3656071154119208,0
217,1.944344209199358e-09,0.7013964489493804,0.02681860571930089,0.5963931285966739,0.002632879146855944,281.9613608656237,0.3501426605800901,0
218,2.700380088510628e-09,0.17988236438353256,-0.09059587012910618,0.5979045569274635,0.0025989590700173817,261.10304764591115,0.4110747262129473,0
219,1.5031963479765585e-09,0.5024145587362333,-0.02904163280117616,0.5929449542431616,0.002932385238434413,266.10282041433135,0.4349926045343056,0
220,1.5243237529602587e-09,1.3816815271538836,0.12489877434391855,0.592895898607749,0.002707855070447721,289.8663136855108,0.383891992236724,0
221,2.719589993519643e-09,1.1781626567626486,-0.02510060701615291,0.5976158802416254,0.0025732246901566426,270.2703405319831,0.3554120997482547,0
222,1.6729782631453301e-09,0.3559905003038126,0.09814806308085164,0.5957198951694729,0.002669248125487789,285.06057675844653,0.4015390769686607,0
223,4.40008384548871e-09,2.485082216358601,-0.3743300146252351,0.6026367474975497,0.0022289675925210558,264.1667724596491,0.4029973932238272,0
224,1.7875275347896184e-09,0.3698643311357151,0.05662434027689391,0.5969382705397782,0.0028720032951535593,252.8488844603028,0.4621577519915775,0
225,1.8007095734243464e-09,0.8510091467589184,-0.06897239422481834,0.5952920836432156,0.002606481035681425,288.2572542532514,0.4259661683801791,0
226,3.7339852788008606e-09,0.8757286323301247,-0.27047767125280503,0.6019504169335691,0.002159109373980395,301.71830783268075,0.3799855266060064,0
227,2.772269669271481e-09,0.032926174138359215,-0.04176542756568325,0.5973809429557267,0.002246757881788537,317.93430349881595,0.3680999177130265,0
228,2.8635913374650266e-09,0.6881955069882091,-0.033574255474073486,0.5968843371588602,0.0022488587000405735,327.5792531706897,0.3056121475298585,0
229,3.0096268417902075e-09,1.2329914745490185,-0.034118252449954804,0.5947323076028634,0.002180154753670897,347.2641098173251,0.34556785004915114,0
230,2.394188326253688e-09,0.677603245984844,0.2122088282281581,0.5952143193446576,0.002285001407488429,320.2397832489428,0.3635285712028205,0
231,3.050102520778793e-09,1.2769016288856256,0.1364435125398605,0.6005746841163632,0.0022862109970010827,289.6583613603837,0.3771290924284829,0
232,3.515898395830135e-09,0.9742850717579964,-0.03427840433703405,0.6009787753347514,0.0021484729555559024,321.2754638493735,0.3356134247073426,0
233,1.6385710173391995e-09,0.18156242230936548,0.06283800807922141,0.587238372570426,0.00229647923131537,382.1565473147909,0.2578002862725679,0
234,3.5556112282044835e-09,1.743492714076096,0.06962012552362094,0.5971557366818178,0.002046547644679319,340.502606475669,0.323701589467963,0
235,2.8730254840366634e-09,1.0186101720651335,0.1237143707510224,0.6000019647100079,0.0023491140519863586,287.87662669754866,0.36718801981394017,0
236,2.8301082898907616e-09,0.7495350957186862,0.07031546934092116,0.5975453424705071,0.002260027028941925,310.86711514512933,0.3585002770431878,0
237,2.653681849627541e-09,-0.07277879644594616,-0.0006234904348364675,0.5998391233189361,0.002310287585474825,297.86886578207196,0.3470609942540066,0
238,3.139766233866116e-09,2.0485905883993745,0.22404132598936333,0.5965861611532665,0.002381405762894895,300.96920625783287,0.3714886130368093,0
239,4.884214657334329e-09,0.4375724008443528,0.08174014568806323,0.606703993477873,0.002260839081053245,323.23421071727995,0.31972320631886025,0
240,3.016419012991091e-09,0.4764894732094962,-0.1188566395067166,0.5976856043111493,0.002175247974570136,354.96043971171395,0.3137301638181283,0
241,3.2212438202498106e-09,1.4951047135576434,0.28351558401867943,0.5973087769163387,0.0023432422194864795,296.9801823920439,0.3580328812691893,0
242,3.5145682724857763e-09,0.6116950330573829,0.07139850319880034,0.6001557213719678,0.0020533925018145368,340.7602643478674,0.28352723489775244,0
243,3.4509914272122734e-09,0.6254400557873884,-0.04308848251703451,0.5965600488072189,0.0021840257761183888,338.06563453058567,0.3032961187086255,0
244,2.9888719186157258e-09,0.21673548592467065,-0.01785489904182173,0.5975062111890843,0.002132430209038146,352.9099380978012,0.28748027728845826,0
245,3.1529321694446352e-09,0.5179178946329549,0.06218070867628145,0.5935205535458222,0.0020570249679361914,380.91134162402227,0.25210827912556205,0
246,3.739468914054952e-09,0.7306258704549987,0.004930764090530343,0.5978020196959399,0.0018806144381032074,380.3606486658793,0.2543590615437664,0
247,2.7216324600668106e-09,0.4949367148893329,0.052017758215672144,0.5953735268671233,0.002260098441114332,332.711913735517,0.3411637170329569,0
248,3.3736475970483593e-09,0.3062273883241826,-0.18425671906763236,0.5987424833902902,0.002059090846952161,354.3844449705053,0.28954051008581755,0
249,4.365268868851322e-09,1.6509541366080893,0.2106122859096378,0.5998986142161534,0.0019111687993042747,361.28019913107164,0.32256176918688056,0
250,3.8212365598473817e-10,1.1484261419494497,-0.07669834142320214,0.5795831689854515,0.004829971456192498,205.18403530293696,0.5105167389661546,0
251,6.914851565244857e-10,1.2110884418385277,-0.15009535743271102,0.5871591446898626,0.0047306439238688075,164.27892320578542,0.5971794354971716,0
252,9.653476051555916e-10,2.1900644148830444,0.1508926257705914,0.5737978335209749,0.005654182147089793,235.22419471191844,0.4734166607670764,0
253,1.5241615751277582e-09,4.284628504598748,0.02222677647601015,0.5700239134065798,0.007444164100641385,181.98959729674667,0.505996564496813,0
254,5.578539566789625e-10,1.5861475212484626,-0.2985724009048992,0.5729303784420434,0.005430235635180791,190.062249463974,0.6210505348181511,0
255,5.775808410187888e-10,0.916388392671868,0.041833638602842366,0.5737053932293249,0.005386285338188507,189.16867173585544,0.6105133026735311,0
256,3.9721841069711034e-10,0.5991262805755072,0.11653447492441805,0.5736644094265556,0.005730118267418872,184.80992856341894,0.6256742787826748,0
257,4.840711249789106e-10,0.9690886631892788,0.19305630709364371,0.5758252506436582,0.005453387822801747,184.7781129710133,0.633237131896219,0
258,6.102072653804486e-10,1.765924044700025,0.028485301582347237,0.5732236302092282,0.00490441501628966,218.40695832198784,0.5035102429488834,0
259,6.275496892281374e-10,1.8437800888396767,0.2495681053093944,0.5754641164505484,0.005035315883869622,203.24442589934617,0.534697148157277,0
260,3.211186555076684e-10,1.0909509359351743,0.15189829200980046,0.5714030627491095,0.005837575001371457,191.6093675258445,0.5312638514590925,0
261,6.665959083732569e-10,3.5791778506698884,-0.4461096879732676,0.5783477683682722,0.004898889447591109,198.3958941719924,0.5764284340937882,0
262,4.765051848952477e-10,1.2215958315092723,-0.2459440107553603,0.5756474029439514,0.0056565268476411424,176.61688252417568,0.6269510344002203,0
263,3.984419061156219e-10,0.7548060452230198,-0.1099863892796387,0.5745419594820024,0.005800594576434288,173.3472593680772,0.6279669003297699,0
264,3.6218499499775235e-10,0.7997786121923411,-0.03402581852065554,0.5774157721808485,0.0057358369453638465,171.63265046873983,0.5966660767330512,0
265,5.026669150047786e-10,2.297787226557022,-0.09392042433385178,0.5752490505346088,0.0049330065929193674,198.56372396449282,0.5594553768479945,0
266,7.865939244598042e-10,11.313496970148,-1.2337324226537376,0.5788083444717879,0.004084420477279777,237.46145182807186,0.4591661070276738,0
267,7.891179709229828e-10,11.42550743640927,-0.5510216049308511,0.5737960354103702,0.00391061485328021,274.3832134408808,0.37352488432482,0
268,4.208274991988263e-10,1.1328628659849214,0.04183458847929429,0.5781832411803791,0.005497240218727825,169.307104049308,0.6281110529102077,0
269,4.659333986144403e-10,1.9581691524755047,-0.2480999633347557,0.5758384852639329,0.005093515657441461,185.03619947429613,0.4721550813180903,0
270,4.5130975733237435e-10,0.3728945200454925,-0.09070547836312502,0.5795555087614034,0.005324648560322097,175.89915963544465,0.5919179464275202,0
271,6.238010796420342e-10,4.297781995381918,0.0414489631907349,0.5772487941823398,0.004095358526286309,239.68018121651428,0.4530986407345155,0
272,5.579852550871317e-10,4.478250868414665,0.0223068397391942,0.5804471203054813,0.004706632048530731,187.56592219685157,0.5468519311112386,0
273,5.334077563192539e-10,8.643564751030643,0.21133413910496204,0.578221661844116,0.0043548904984831854,223.58066068179772,0.5540894797681267,0
274,2.943577418386539e-10,0.3817813726812824,0.03228273150933292,0.5800516403391329,0.0058768164819971574,165.11312382082355,0.5966753514437103,0
275,6.760975529411122e-10,1.1576366400040126,-0.14207613787589654,0.5852049791475867,0.004391148849553313,194.8552011685198,0.6117799833372093,0
276,6.504957010038478e-10,1.420257942482699,-0.4776850964817343,0.5811718650314109,0.004767058421558232,181.988421774928,0.5849646967030125,0
277,4.979220929311073e-10,0.8841188708492361,-0.1972390923825472,0.5832751913011273,0.004996791230687027,176.150793433624,0.6312297778482389,0
278,4.286582651474092e-10,1.5312963456037367,-0.2586925859726597,0.5815826257409643,0.00516253642378253,173.45202491181018,0.6094986073409542,0
279,3.6038065666971884e-10,0.990855427105608,-0.07446504149834365,0.5777300968221833,0.0053058041548392975,186.20236999242363,0.5757200909134843,0
280,6.191231632375079e-10,3.340916258253156,-0.07203382950544633,0.5826900489204018,0.004582331516099426,187.06603288634116,0.5761359272506941,0
281,4.436978159259912e-10,1.860800866481373,-0.2587390924656293,0.5780758762804562,0.0050382571243623355,184.46379668362667,0.535166834784683,0
282,4.350669247550548e-10,0.9354980924227506,-0.13436248256998162,0.5834059175601783,0.0051734183862609424,172.42306477944715,0.6179404733321879,0
283,3.952820349681806e-10,0.6757637652511926,-0.10775689086752832,0.5795600929345596,0.004985084089369625,192.27763054995503,0.5467562966641568,0
284,4.836791685542928e-10,1.6171288058983528,-0.5029393243172694,0.5813834991044077,0.004719151387818471,189.85260076972932,0.5114172105454957,0
285,4.485863952667511e-10,1.7698422309509816,-0.008744853330331157,0.5797212476640791,0.004920307533013482,190.5279690033313,0.5681890760022478,0
286,4.894257863611869e-10,2.2615237366139858,-0.12230793844816967,0.5814018461301976,0.004599124294654665,202.09315410816302,0.5537501289381589,0
287,4.910724679109824e-10,0.5452281332194582,-0.05739825249223299,0.5838911051666402,0.004971863022981822,186.581217717374,0.5390527725268321,0
288,3.5748949219384814e-10,0.5203656502170096,-0.04622070971882067,0.5784706826860698,0.005402049762669901,182.10833590182392,0.5451468558349738,0
289,4.5739938425969387e-10,0.6468573662045144,-0.06662052034258269,0.5816987429629131,0.004840888609181687,191.02171952507487,0.6028287791708007,0
290,4.3154403300877735e-10,0.6798712194957149,-0.07411406899246441,0.5815707718271074,0.004994622880575687,180.7667734310221,0.5407818003960754,0
291,4.3531195954576236e-10,1.5956241373238178,-0.33237743807019265,0.5824057723700432,0.0047949134035197615,197.77085130464798,0.4997108181428594,0
292,4.0149653441280974e-10,1.29924513708554,-0.2670093688852941,0.5794224988960759,0.004789179708124851,200.3604270400069,0.4714848285437758,0
293,4.79487942364469e-10,2.062497030286242,-0.21784100564584474,0.5801740629312723,0.0047338841106314405,204.8750662463086,0.5285625087421515,0
294,7.346007798263228e-10,6.175974616680473,-0.3885454529607229,0.5828189162942828,0.003974246166458865,218.65237843531418,0.4958935634503318,0
295,3.669408746185302e-10,0.3172708193315075,-0.03615959922782256,0.5818068457320803,0.005153379607958564,180.30624095658595,0.598946671508728,0
296,4.1444878152312e-10,0.5866769291075881,-0.14498539450014933,0.5865136050349616,0.005248591848999481,166.37126041772777,0.6296616009019108,0
297,4.370070415589529e-10,1.0610194963753985,-0.06069118571505524,0.5828133012417015,0.004990827518919294,173.59497510404506,0.6329094595820997,0
298,2.1894043120154105e-09,0.8365953326378538,0.1532683370957085,0.5740922265449323,0.00738565669558409,209.133999816918,0.4893459913029402,0
299,1.2163434652488002e-09,3.3603556302724527,0.3008842969773797,0.583939313180626,0.0031392733902258483,294.38414564079494,0.3730944659842967,0
300,2.6703069114082698e-09,1.0099467153366068,-0.0961449650210906,0.5656107609180766,0.0047974476165832825,329.0971525348373,0.2502193480023672,0
301,2.1715110301800267e-09,0.17291905939718344,-0.12105434918499508,0.5719230791800152,0.0031405908140377955,441.4446499038392,0.2590848530751952,0
302,1.6039687906177327e-09,1.3275767838293449,-0.05743824571617286,0.5707019672337049,0.003455118730508541,377.02242441979325,0.3240689162097299,0
303,2.0379267377215283e-09,0.7566134723378317,0.0013747182981169446,0.5718831027108519,0.0029165121911093675,428.007699701671,0.2902581412366944,0
304,1.863926760748085e-09,0.6912895456168117,-0.02080877481987799,0.5731276142760011,0.003049079571301073,399.7478734140551,0.3404533624095707,0
305,2.231500540353294e-09,0.6983915672575285,0.3042871610814886,0.5713983043166421,0.0029199578446108447,422.0169901113007,0.3475856364185902,0
306,1.3018773362146362e-09,0.4760478749464989,0.13152491864496346,0.5697860656753612,0.003933625786116024,342.35390210435025,0.3840441030539346,0
307,1.4404669663604734e-09,0.5967692380453568,0.07308050914200705,0.5722324641134207,0.003820342748096478,346.5469753998518,0.3591426112458674,0
308,1.762003805918917e-09,0.25057524564599554,0.056261474171163305,0.5787239803696272,0.002995268823206636,380.529243686544,0.3264267113521717,0
309,1.4301131451076034e-09,0.9585932670823952,0.014201624670726812,0.5814331131178617,0.0030506669699013637,337.80108713995656,0.3666289663072575,0
310,2.1906732994004802e-09,0.9964565569561076,0.1333417954424769,0.5801024230995352,0.0027997490798422394,391.5964016113003,0.3313720590227262,0
311,2.0032413555702353e-09,3.9564099227508938,-0.08641737844604946,0.5854328878460892,0.0026590772156949607,340.1247677283987,0.3925744296170185,0
312,1.990741365400485e-09,0.8413080023736313,0.2258158704061001,0.5841673757504711,0.002748485491318316,338.40256230608884,0.3647575420325009,0
313,2.251909185786278e-09,0.9960404590094879,0.033451414218906926,0.5875992191208891,0.002742516012142773,347.03143214808466,0.33023171244126925,0
314,2.7275604669974074e-09,0.6679641930113721,0.2479944125542061,0.575897668660395,0.0032434155215005232,394.49267618720273,0.32119852396564097,0
315,1.9304675457047727e-09,0.5033261353243179,0.08129397885789942,0.5745141854317494,0.003364465473143834,374.64577142991135,0.36184226045030426,0
316,1.6214457396578593e-09,1.5563490503071218,0.0927183146674233,0.5805080250275095,0.0028156671896880712,367.51227280430817,0.32571513612391273,0
317,1.9174917689261413e-09,0.6781698632293272,0.12787197558776028,0.5793551393481601,0.002803490263990091,392.69958044846464,0.34737104068775754,0
318,1.5304081744311106e-09,0.4590987547705839,-0.05057477380306993,0.5848338386319213,0.0029722590494261226,310.6977944004656,0.4180958466214323,0
319,1.2282413051377769e-09,0.9062502321346844,0.004344311028106687,0.5802567972949416,0.003195421754580055,322.78385718877774,0.4160220898830669,0
320,1.3683541326878452e-09,1.6740801257433773,-0.167957120494012,0.5837343481253867,0.0030133839214176268,311.26835410662534,0.4071505233183267,0
321,1.5494937942687486e-09,1.359653755949007,0.15413617107505734,0.5837384364428321,0.0030507829612295635,309.05651570930763,0.4123297206807554,0
322,1.3812454590794714e-09,1.040283882427778,-0.002104143881568253,0.5847788069880056,0.0030152190999264273,313.88455775066313,0.4066551809210236,0
323,9.309751073159192e-10,0.566227249154577,-0.16164666680688236,0.5854950098486346,0.003406448634501416,274.314744955746,0.49053150968250797,0
324,7.885955910758455e-10,0.8201275053089452,-0.16843976779331848,0.5806431802196595,0.0038110047257104845,266.6337938435983,0.4847970579589637,0
325,1.4503091580169765e-09,2.68491432390238,0.3168915825504663,0.5848874248799986,0.002855749906399052,319.27965092600425,0.4304340277259933,0
326,1.3341858166663206e-09,2.859481880327492,0.4888977682562434,0.5809914606887205,0.0034662216432630954,328.057688239727,0.4001390873497721,0
327,1.115720817878249e-09,0.03082770191590785,0.0949818833601172,0.5811819831071822,0.003270834628032645,295.98006876331385,0.4288437552532317,0
328,1.4506091849601001e-09,2.508224402434041,0.3215736224486733,0.5834993340994505,0.002987955253037476,309.9662615250225,0.4340326314066297,0
329,7.232042451945437e-10,0.7425679482336912,-0.31613607470920385,0.5810831520269661,0.003504879177496632,300.92137214660136,0.4159581849540464,0
330,1.0202710968205948e-09,2.219425066004832,0.3648556673661272,0.5827063452647888,0.0030172853261018124,328.47176186641025,0.42921442307791496,0
331,1.471792494399551e-09,1.4895569671066529,-0.2576091188809007,0.5851414461458622,0.002725516172469849,334.7775691189482,0.3941614697758785,0
332,6.166014984946517e-10,0.3745586790642037,0.11760350460107577,0.5798944045302211,0.0037641365739930015,288.1271752934062,0.4032131428539635,0
333,7.264829553088767e-10,0.3745721579486807,0.006197927266873618,0.5817227367363258,0.003509593639153389,282.1762277972511,0.4391146983984325,0
334,6.192458487759909e-10,0.4030929349962961,-0.0933266852568363,0.5812063961785844,0.003772828266213746,274.86749009254015,0.4381043890563399,0
335,8.219997186847289e-10,0.3277578342785385,0.04575383044584092,0.5808243169246997,0.003415859731650869,301.2076214703845,0.43029238707890105,0
336,6.556972684523641e-10,0.6156382781806934,0.19678199411805933,0.5776134008486535,0.003715745757791125,290.1668272774063,0.4214694172369289,0
337,7.972579017099302e-10,1.5169905318488217,0.04515815113037495,0.5764032157910618,0.0035892579021765,315.9088572350843,0.4048260953803144,0
338,1.0364897827492475e-09,0.8370130528675531,0.14658250652220192,0.5792717082964285,0.0033207522381331327,328.2656827862442,0.4130841733362254,0
339,1.2120785939131385e-09,1.9942696695109687,0.2642565278707733,0.5825143771849557,0.0030220837655149393,329.11619176231665,0.419080473846692,0
340,1.089852779137396e-09,0.4732644267301607,-0.04267860436296605,0.5813286798369616,0.0035724839672573814,295.51902551676534,0.4705488877565178,0
341,1.3902051840108333e-09,3.7407917530095185,-0.006415135528781081,0.5781439970970678,0.0032376036647617204,339.24238066565624,0.3541108205027217,0
342,9.633668944948034e-10,0.6438808126106925,0.05381706964671643,0.5793100779456761,0.003174407862460387,334.45145127454924,0.3701612508587765,0
343,8.680242384520458e-10,0.6886074520414471,0.1436884337024844,0.5822938042326103,0.0033576117609967087,303.17223806799615,0.4213146305176696,0
344,2.0305550283830282e-09,2.830594950768465,0.13568598381529726,0.5817591861100098,0.002834554987961109,371.8226810900998,0.36743541184819306,0
345,8.508670193141628e-10,1.134082266803427,0.11081695846497708,0.5799287519515355,0.0031434221024336183,318.110031192176,0.41270971477679785,0
346,1.1277709770328355e-09,4.59718157272117,0.6831891116602083,0.5784229445009711,0.0026527761740784803,381.6258956594397,0.3886752418574711,0
347,1.1228568131088535e-09,0.9359836719856216,0.2277135113413249,0.5799930753434689,0.00296644949346679,348.2521696588326,0.3611647436630878,0
348,1.457984650324723e-09,3.47900651953092,0.04463474319418157,0.5816800299400028,0.002778941656581123,344.00421974371767,0.38261030926980427,0
349,9.601184288799685e-10,1.4523082476501064,-0.09335292279579947,0.5813208054304608,0.0031430700827869075,305.50579738000516,0.4225002219530484,0
350,6.467888516271094e-10,3.74254812408894,0.4923900559889857,0.5709032400070219,0.005685058791245424,208.72316825348003,0.4171749918893824,0
351,4.176986379323256e-09,7.057172327453629,0.7141300820297628,0.5734116530366954,0.00299997786360846,368.6494394316558,0.339814781604354,0
352,8.905218920460922e-10,3.93522532777583,0.19487872410015172,0.5727342293060576,0.004932704039704174,240.7487246791881,0.4386045889151189,0
353,6.033307164463505e-09,2.0328046932717343,0.1574989479055479,0.5704812226199417,0.005906859938715209,239.22078452277458,0.29237413191230044,0
354,2.5926481267327957e-09,6.988416947734843,1.3824656817993102,0.5675767277469835,0.00658841274830154,234.9758457484996,0.40905471087159423,0
355,3.4953695291422425e-09,2.2426715943222653,0.2062728621969093,0.5795248020766142,0.003056200264741834,379.07906847810403,0.3762620608831317,0
356,1.1208389382125312e-08,2.4168399226696864,0.603305646682932,0.5730294756374598,0.005689463469663783,259.423279305996,0.2692992244487296,0
357,1.4820558170666709e-09,4.894866967533021,-0.8377644885305241,0.5763125376418293,0.0034074897600040854,329.0900054366119,0.4547930914236651,0
358,8.417835190412456e-09,3.5111817913171435,0.6771660776053144,0.5684628154323249,0.006827090242662311,231.3328991984988,0.1307060172787139,0
359,9.242034173129624e-09,5.719396975062258,0.8128371541585456,0.5634273671686267,0.00871244239366723,185.08861998587173,0.20288406521685484,0
360,1.0273574163078259e-08,8.394713281347675,-1.161320011460906,0.5700226047356688,0.006216129920386562,274.3972643306572,0.15851214589513002,0
361,6.353883852682039e-09,1.0420154131594497,0.4397875274923044,0.5743291261093498,0.003424113680536113,334.8862924585543,0.2211410206964596,0
362,1.7116266388180122e-09,2.298229868801444,-0.24574901159867266,0.5803323167653209,0.0032533410528531466,297.21981440226847,0.5190485908604869,0
363,6.979492910345795e-10,2.431961873924384,0.4410002980107131,0.5738005405188987,0.0043439958515805776,262.38874544315655,0.5965232212212717,0
364,1.204954193422656e-09,0.8527961680652233,0.19104041384592488,0.5765852512697993,0.0037146723015460976,338.0112814842076,0.5201477221494821,0
365,2.111036850557301e-09,0.868458273638376,0.1225532586850224,0.5757179814342382,0.0030320996901815013,399.29464653978476,0.3606243220414711,0
366,3.469548621147131e-09,1.3802453477453624,0.1125184997428064,0.5786214407046899,0.0032869111526864585,323.7276838864813,0.3532006881193746,0
367,6.079110611822021e-09,1.106753799237824,0.09841843053231533,0.5734685649972133,0.004740299721507842,290.34523567144663,0.276617905533566,0
368,6.951726567729588e-09,4.3411999254393985,0.7046510593458373,0.5695007001781249,0.002892019765959868,573.836970889492,0.2655538072382587,0
369,3.5363103321730806e-09,3.4796585270440983,0.28969803079037626,0.5777106124767964,0.0027131744164653237,352.9893869323405,0.4342283501976295,0
370,1.5415348213982933e-09,3.9219560841252874,0.021166986245529262,0.5775519431736186,0.003312142836255097,307.2702727898267,0.5343348495630192,0
371,1.2833984122332996e-09,1.7469167861772892,-0.2275422942560067,0.5740446087924557,0.003646794126976828,292.9937035820629,0.5121774550713658,0
372,2.058321297105389e-09,4.093232888502459,-0.20487019985466687,0.5769679952044646,0.0031288423096884946,308.58583925802935,0.5062773691978908,0
373,2.240402778014603e-09,7.511771200288931,-0.35290292645409266,0.5800077668735101,0.0030156182873300264,295.11954652629123,0.5321859570383624,0
374,1.5969314198257671e-09,5.1835135214009265,-0.17454461291406054,0.5768810162362682,0.003358834745317381,294.65562398897106,0.5135941440846301,0
375,1.6851439043287561e-09,5.8301219713934485,0.2546314625678582,0.5749383025576437,0.003661499268983232,289.5931530945702,0.5376784171112852,0
376,1.2324961767422554e-09,2.7192525819199687,0.08839227642884513,0.5763762735059866,0.004039654153319874,261.496456089438,0.5482694622978139,0
377,1.1728776295032476e-09,1.3978755893545138,0.3724704063664057,0.5765234375838828,0.0038092418312862322,274.9742353120104,0.5596201318698624,0
378,1.2753026299683658e-09,2.0901539110805616,0.16373245632243294,0.5785375200505442,0.003815101479620733,260.75249021489236,0.5632739336283868,0
379,1.2048619576348393e-09,1.6312756829753998,0.4916471548613234,0.5800749618828456,0.003913887320631696,246.08836991384308,0.5546910373619834,0
380,1.1792666546180075e-09,3.3444080001549743,-0.1553687574093849,0.5813442297273915,0.0038247433903897186,236.0786325807492,0.5554751889642657,0
381,9.518182113456463e-10,1.1609053278030583,-0.02880435500431404,0.582465845509494,0.0038577432746795593,247.4841895620714,0.5863443665756412,0
382,1.128112595630657e-09,1.5812058840856562,-0.14258193150414325,0.5790774729553559,0.003653015335576931,267.1221584897036,0.5945340588611564,0
383,1.3351828671130291e-09,2.085114193035225,0.09201234862752447,0.5816277463465626,0.0035553974853497986,265.8354543138776,0.5806252262508707,0
384,1.5651986988123406e-09,1.617933696292546,0.041304942671721655,0.5796480809817285,0.003675270953202122,262.5538610447269,0.5495405762646165,0
385,3.2356909998649515e-09,5.165798858712374,-0.0935770565345277,0.5830074950327574,0.002949721919420512,270.77007231905543,0.4929847864502084,0
386,1.3001390214070626e-09,2.499310375932453,-0.23151505019282334,0.5828910481239836,0.0035093992556518914,266.1983579724171,0.5433572425917015,0
387,1.4915907783208773e-09,4.965753305359217,-0.7964762103299329,0.5854931273508744,0.0036632214492550337,250.41666045772863,0.4970754823378399,0
388,1.3640762218095385e-09,3.765651261300562,0.05660604905566676,0.5778870528654745,0.005247026422163532,245.2615862578442,0.5459198355034358,0
389,1.5180245937038638e-09,3.183270038557912,0.3830144844345511,0.5759272009869416,0.0037001493730979256,313.4749238560482,0.5330156292746561,0
390,8.908737060250725e-10,0.7318270484707873,0.07609046589037813,0.5830116649435824,0.0042494860512899075,212.40099982790522,0.59823187349238,0
391,1.508000101641393e-09,2.0584150377356933,-0.007484418015839119,0.5871982452909207,0.0034171241558274136,262.65088406770315,0.4983934216095542,0
392,1.3889945993439126e-09,0.4447143716073064,0.08523971415055027,0.5904029886429024,0.003438776324822795,241.403703773606,0.5341310525047465,0
393,1.5021547470312605e-09,2.5615787245746064,-0.2441642326228243,0.5877859802267872,0.003367021334422866,253.6382968741132,0.4859011128090794,0
394,1.0845602790501169e-09,2.00862646640998,-0.09034240059985073,0.5898902386629213,0.0037615796585132883,224.09088540090718,0.5358648437632582,0
395,1.3343535083775187e-09,2.535427326935689,0.3676577521765661,0.5897790512215924,0.0034979351351417873,224.099548016662,0.5330638423566605,0
396,1.0167326244385746e-09,1.0245622922851674,0.031262808420842315,0.5900323815604606,0.003781616956045612,217.59767053855248,0.5228272063604259,0
397,1.5681584819642667e-09,1.7283957614675642,-0.012772803414348388,0.5922652875664149,0.003282964605795842,237.74995321411348,0.5067907154143302,0
398,1.0477288644756956e-09,3.4626838915156766,-0.08568729321218067,0.5917169736878914,0.0035767914875794718,223.6973862261118,0.4984886583679438,0
399,7.592344122089818e-10,1.0705527760625948,-0.1321609227441841,0.5916904053632542,0.004100889075458826,194.41918864370396,0.5594079557020046,0
